id,domain,status,purchase_price,renewal_price,attractiveness,demand,length,registrar,created_at,expires_at,status_verified_at
6cb019f5-5c74-4bd5-956f-2b7b6026e509,sweetsop.lgbt,available,14.99,79.99,medium,low,8,namesilo,,,19/09/2026 10:27
c2856d60-9ceb-4ca2-bff2-1a937dd490c5,biter.lgbt,available,14.99,79.99,medium,low,5,namesilo,,,23/09/2026 22:27
e0aff794-e9d9-462a-9186-2386ebd9cba8,fantasies.lgbt,available,10.81,64.37,low,low,9,porkbun,,,28/09/2026 23:52
854c050b-d199-4f75-9790-8e58b94b546c,organize.lgbt,available,11.98,93.98,high,low,8,namecheap,,,23/09/2026 23:13
d79cbe36-6f61-4b7e-a161-20f05f4f9b34,weedless.lgbt,available,11.98,93.98,medium,low,8,namecheap,,,13/09/2026 10:00
a0a64f3f-cec2-41e6-ace8-bf32a915654b,majorities.lgbt,available,62.2,62.2,medium,low,10,cloudflare,,,29/09/2026 05:40
a2851ab1-eeed-4212-a9ed-b4f08167b659,completely.lgbt,available,11.98,93.98,high,low,10,namecheap,,,22/09/2026 00:16
2d83de5f-ea79-432e-9042-3d1c2cc70a72,bluewing.lgbt,available,11.98,93.98,medium,low,8,namecheap,,,19/09/2026 02:57
3d585092-f3ba-4c31-8116-49ab05cd91c9,rodents.lgbt,available,10.55,64.37,low,low,7,spaceship,,,30/09/2026 15:36
514a42fe-0306-4a50-9a32-df78836f6bb3,shouts.lgbt,available,11.98,93.98,medium,low,6,namecheap,,,18/09/2026 07:00
99fcc76d-702e-4492-b505-99f715ecb3c8,longish.lgbt,available,11.98,93.98,medium,low,7,namecheap,,,24/08/2026 09:40
43e92fd9-eb17-40b7-bde7-18a49716620d,sonya.lgbt,available,14.99,79.99,high,low,5,namesilo,,,30/09/2026 04:43
1c4a83c8-9745-425c-be89-d02a8189f6df,william.lgbt,available,14.99,79.99,high,low,7,namesilo,,,17/09/2026 13:23
8ab7976b-6bc9-49c2-bb07-f403f167602c,blarney.lgbt,available,11.98,93.98,high,medium,7,namecheap,,,12/08/2026 14:21
8372e3c8-7431-4670-86b5-7ac3ea2bed5d,members.lgbt,premium,78.54,78.54,high,low,7,namesilo,,,25/09/2026 17:16
7b0de486-646e-4a3e-9b0d-dcb9b2d7d824,biblical.lgbt,available,11.98,93.98,medium,low,8,namecheap,,,09/08/2026 18:53
690a7e05-e4e0-48fb-9e7d-6d97ad99b654,lucidly.lgbt,available,11.98,93.98,medium,low,7,namecheap,,,15/09/2026 12:12
cd2316aa-11a1-43dd-8b80-b3d81bfdb389,severe.lgbt,available,14.99,79.99,medium,low,6,namesilo,,,22/09/2026 13:18
0f3e45bd-3944-499c-be4a-a8ade1850b17,steering.lgbt,available,62.2,62.2,medium,low,8,cloudflare,,,28/09/2026 15:24
2d0ec47b-78f8-46ab-8555-4addc1de6392,blackfly.lgbt,available,14.99,79.99,medium,low,8,namesilo,,,19/09/2026 17:06
16d2c908-7b30-449b-92a2-c83739413d80,witchcraft.lgbt,available,11.98,93.98,high,low,10,namecheap,,,28/09/2026 11:06
f6934fde-7009-4c09-b879-bbfba6bedfa7,fiddler.lgbt,available,14.99,79.99,high,low,7,namesilo,,,01/10/2026 02:09
3bee05fd-6d3f-4a5d-bb8f-13b052c47edd,astray.lgbt,available,11.98,93.98,medium,low,6,namecheap,,,13/09/2026 22:14
e6df1062-4beb-4de3-8581-4868fcfdd108,amonra.lgbt,available,11.98,93.98,medium,low,7,namecheap,,,18/09/2026 18:34
87e67b78-1cf4-4e9b-b271-043fa109b666,tumbling.lgbt,available,11.98,93.98,high,low,8,namecheap,,,17/09/2026 03:22
87b29691-ee29-4fe7-8409-b089bc9a4268,learned.lgbt,available,13.5,93.98,high,low,7,unstoppable,,,30/09/2026 19:33
91d35861-b9d6-4314-b04b-a6dfbe0e92a0,retracted.lgbt,available,14.99,79.99,medium,low,9,namesilo,,,27/09/2026 13:32
a8680c59-6982-47d5-aed9-52c5de7517e2,indra.lgbt,available,10.55,64.37,high,low,5,spaceship,,,29/09/2026 13:07
b3b6d6d9-e317-4e51-84ea-87f3598821b6,ara.lgbt,premium,78.54,78.54,high,low,3,namesilo,,,19/09/2026 23:23
b6eb0e51-8ef2-4214-ae4c-e17ce59eec17,exploited.lgbt,available,11.98,93.98,medium,low,9,namecheap,,,08/09/2026 15:46
e4d8e021-c358-467c-bfb5-273ff437d5f3,baldy.lgbt,available,14.99,79.99,high,low,5,namesilo,,,21/09/2026 21:43
17e4992c-d1c6-4d2a-875d-60f472952068,strapped.lgbt,available,10.55,64.37,medium,low,8,spaceship,,,30/09/2026 00:36
7cce4a4e-119a-48da-9618-814725f38a99,braden.lgbt,available,62.2,62.2,medium,low,6,cloudflare,,,01/10/2026 18:20
9af252bb-e2fc-4647-b759-2e6880368e5b,velvetleaf.lgbt,available,11.98,93.98,medium,low,10,namecheap,,,16/09/2026 19:24
b79b5c47-0882-4cb3-b289-c6755b4e91b3,piddling.lgbt,available,11.98,93.98,medium,low,8,namecheap,,,18/08/2026 03:33
872b0341-7573-441b-9db0-4e067f34b017,saxophone.lgbt,available,62.2,62.2,high,low,9,cloudflare,,,29/09/2026 20:17
46613a59-945e-47d3-a38f-5c13c54a4514,anasazi.lgbt,available,11.98,93.98,high,low,7,namecheap,,,19/09/2026 03:16
680aeebc-8dfb-43c6-83a6-629227861a96,glossy.lgbt,available,11.98,93.98,high,low,6,namecheap,,,11/08/2026 14:10
565d2be1-432b-488f-855d-0a2ba20e0eda,ravioli.lgbt,available,14.99,79.99,high,low,7,namesilo,,,24/09/2026 12:37
0c700e67-3f5c-4a9e-b0d6-c74244b913e4,voluptuous.lgbt,available,11.98,93.98,high,low,10,namecheap,,,10/08/2026 20:39
ff5a22d7-8dbc-4478-a3da-866c3ea8533a,pio.lgbt,available,14.99,79.99,high,low,3,namesilo,,,30/09/2026 13:33
6b6ee817-aff9-4580-b1f7-8511e7e622be,filesharing.lgbt,available,11.98,93.98,high,low,12,namecheap,,,18/09/2026 10:05
00cb9592-e403-4e31-b6b0-3bd6ba58a726,aberdare.lgbt,available,11.98,93.98,medium,low,8,namecheap,,,16/09/2026 15:08
fbc92fbb-a88f-48b6-9a68-4a0ef84fc4a2,shortcuts.lgbt,available,14.99,79.99,medium,medium,10,namesilo,,,18/09/2026 08:11
b9df6cdb-8a74-4147-b0b7-62347a523f5c,dass.lgbt,available,62.2,62.2,high,low,4,cloudflare,,,30/09/2026 19:19
704c4125-9fbb-471b-8b2a-b7c0990e3315,mogadishu.lgbt,available,14.99,79.99,medium,low,9,namesilo,,,24/09/2026 12:23
758a6f8e-f4b1-47ff-a682-3904390c24bd,yung.lgbt,available,10.55,64.37,medium,low,4,spaceship,,,29/09/2026 22:41
4c75740b-9f57-4823-9b55-cfa11e555589,devised.lgbt,available,10.92,66.56,low,low,7,dynadot,,,29/09/2026 16:34
397f0376-50c4-4edf-bab7-d9e6bc7c3b99,babies.lgbt,available,19.99,,high,low,6,name.com,,,
9079b9fa-59d8-4ec1-b77e-a8b9c34a5567,forwarding.lgbt,available,10.81,64.37,high,low,10,porkbun,,,30/09/2026 09:44
4ef89819-e8de-46cd-8dc8-7d27e2a2b171,lookout.lgbt,available,13.5,,high,low,7,unstoppable,,,30/09/2026 22:47
8ed21507-68b5-4415-b07f-7805997bc9a7,alicia.lgbt,available,14.99,79.99,high,low,6,namesilo,,,27/09/2026 07:22
4f9683b4-d7f8-4a36-afe6-3006885820b3,epic.lgbt,available,14.99,79.99,high,medium,4,namesilo,,,24/09/2026 14:28
0515b68f-ca31-4dc4-916f-856008c36c73,ecology.lgbt,available,11.98,93.98,high,low,7,namecheap,,,23/09/2026 18:42
8dd591eb-64ef-4873-a687-1990e3f805ba,asked.lgbt,available,10.92,66.56,high,low,5,dynadot,,,01/10/2026 19:00
99ff7ae6-b97b-413e-bd3d-c674f8a8be35,arbutus.lgbt,available,14.99,79.99,medium,low,7,namesilo,,,20/09/2026 01:01
d1fa896c-ffa1-4956-8abd-591b344be3e1,dildo.lgbt,available,14.99,79.99,medium,low,5,namesilo,,,24/09/2026 22:19
109df7ea-dbab-4c51-8aa4-51d56aa6d861,profitable.lgbt,available,14.99,79.99,high,low,10,namesilo,,,27/09/2026 07:05
90a88ca9-3cc2-49ce-a972-8de00f76a06c,womanish.lgbt,available,11.98,93.98,medium,low,8,namecheap,,,13/09/2026 12:58
9b8e092d-3000-4419-b507-eb0bda353d61,cortical.lgbt,available,11.98,93.98,medium,low,8,namecheap,,,13/08/2026 02:35
7d725641-f476-48e7-829d-904212fa7dd6,marked.lgbt,available,14.99,79.99,high,low,6,namesilo,,,25/09/2026 16:50
a04d19c2-5bac-4ead-a46b-a0c9924da54b,montenegrin.lgbt,available,10.81,64.37,high,low,11,porkbun,,,29/09/2026 21:21
9270955f-87f9-4fa4-8bf4-1ddd21273f7a,harry.lgbt,available,62.2,62.2,high,low,5,cloudflare,,,29/09/2026 07:09
ea06cef9-c491-4816-a839-74a68bb7c5a9,aloes.lgbt,available,14.99,79.99,medium,low,5,namesilo,,,18/09/2026 13:07
88d35990-b015-4b4f-afa9-c157fb9923a1,verge.lgbt,available,10.55,64.37,high,low,5,spaceship,,,28/09/2026 18:30
e9b3302f-c236-4c93-a3ea-a67eaf69407b,asteroidea.lgbt,available,14.99,79.99,medium,low,10,namesilo,,,20/09/2026 17:14
2aee4df0-4ae1-4d28-a71a-c58d7f3acabb,wilkerson.lgbt,available,10.81,64.37,medium,low,9,porkbun,,,02/10/2026 00:40
275b3a05-e34a-45e2-950f-213da33d7092,households.lgbt,available,62.2,62.2,medium,low,10,cloudflare,,,02/10/2026 03:00
84ff4371-a5d1-406a-8523-83a5f59fe1ec,skeletal.lgbt,available,11.98,93.98,high,low,8,namecheap,,,10/08/2026 19:00
544033a4-f801-412d-80a0-42d2ae4fd4e6,imbalance.lgbt,available,14.99,79.99,medium,low,9,namesilo,,,20/09/2026 18:40
89402efc-fe6c-4472-92d1-c393e78f002f,arabian.lgbt,premium,2500,2500,high,low,7,name.com,,,06/08/2026 11:05
9eaab499-2759-4429-8339-207f8b9d5f9d,pga.lgbt,available,14.99,79.99,high,low,3,namesilo,,,28/09/2026 07:12
349a166d-197f-43fc-acef-cf09722a6351,setting.lgbt,available,13.5,,high,low,7,unstoppable,,,30/09/2026 04:41
fdaf9145-7086-4920-88b8-6785e339a3a6,meters.lgbt,available,10.55,64.37,medium,low,6,spaceship,,,28/09/2026 05:01
74577d4a-3232-472f-82b0-e68bc8a35577,membranes.lgbt,available,10.55,64.37,medium,low,9,spaceship,,,02/10/2026 02:30
0fdcbb0c-f8ae-431f-9ae9-5578b8639bd6,bahai.lgbt,available,11.98,93.98,high,low,5,namecheap,,,08/08/2026 08:27
09df5a8e-59da-4718-af31-94d7549403e2,greg.lgbt,available,19.99,,high,low,4,name.com,,,
f53345eb-1fe4-4cbf-8651-f6d330969ddf,enacted.lgbt,available,13.5,,medium,low,7,unstoppable,,,01/10/2026 15:52
d84e6866-cac5-4fdb-8c87-1d8a3c861097,firewood.lgbt,available,13.5,,high,low,8,unstoppable,,,30/09/2026 01:38
ed3b3181-6608-4d23-9cd0-e9dbd3dca530,tutu.lgbt,available,14.99,79.99,high,low,4,namesilo,,,21/09/2026 22:53
d2f4999e-3a8f-41ab-83db-c443d007c353,blackburn.lgbt,available,14.99,79.99,high,low,9,namesilo,,,24/09/2026 02:11
fd38b536-c287-4c83-8a92-fc2ea43b5869,exposing.lgbt,available,10.55,64.37,medium,low,8,spaceship,,,29/09/2026 10:25
6ba746e5-600a-4621-a903-c6a669f5cc3d,searing.lgbt,available,11.98,93.98,medium,low,7,namecheap,,,10/09/2026 00:54
c5ddabb5-a7b1-4e07-ae19-c92ddac3e702,vie.lgbt,available,62.2,62.2,high,low,3,cloudflare,,,30/09/2026 17:35
3cbbab1f-5021-4b9f-a957-b49e517aed35,banality.lgbt,available,11.98,93.98,medium,low,8,namecheap,,,12/08/2026 19:14
9a462849-47a0-4914-892d-434f0e88c913,sire.lgbt,available,62.2,62.2,high,low,4,cloudflare,,,28/09/2026 14:08
1eca3c2a-ecb6-4664-9380-7e170dfa7c2f,devalued.lgbt,available,11.98,93.98,medium,low,8,namecheap,,,14/08/2026 05:02
a744d73a-0941-4611-b2f7-2367eff3957b,geneva.lgbt,premium,78.54,78.54,high,low,6,namesilo,,,28/09/2026 09:52
5070496f-82a6-4a1a-bc1a-931cf2c16b02,turgot.lgbt,available,14.99,79.99,medium,low,6,namesilo,,,19/09/2026 10:21
e1a3b030-94dd-46fc-a6e2-81c955e1c066,convergent.lgbt,available,11.98,93.98,high,low,10,namecheap,,,12/08/2026 23:50
3fe7ffe7-67fa-4782-864e-18422656309f,given.lgbt,available,14.99,79.99,high,low,5,namesilo,,,24/09/2026 22:16
3fce4038-19b4-4ebb-8a6f-d6f31a0b6993,boy.lgbt,available,62.2,62.2,high,low,3,cloudflare,,,29/09/2026 03:52
9b6ab67b-a0ff-434a-8ec3-968049f7507b,windward.lgbt,available,11.98,93.98,high,low,8,namecheap,,,13/09/2026 12:22
71394b23-0445-4e5a-9cfc-3ea5e01df581,permutation.lgbt,available,19.99,,high,low,11,name.com,,,
ca7e84e9-c836-473d-b543-7196c48cf35b,campaigning.lgbt,available,11.98,93.98,high,low,11,namecheap,,,01/10/2026 23:43
8da23a7a-1cf4-440e-a507-8f10b5e7e6cb,pasco.lgbt,available,14.99,79.99,high,low,5,namesilo,,,30/09/2026 13:57
d0bc9b40-0959-402e-9bcf-c0ae4013baa9,needing.lgbt,available,14.99,79.99,high,low,7,namesilo,,,01/10/2026 10:18
3feaa77d-ba92-489e-89cd-5c694cee071a,cattle.lgbt,available,14.99,79.99,high,low,6,namesilo,,,25/09/2026 01:59
fb878dc3-5051-4ed6-9c0c-244612ade1f8,alignment.lgbt,available,14.99,79.99,high,low,9,namesilo,,,18/09/2026 07:47
69df2c09-c6f5-4010-8b59-4797ba67d01a,prosecuted.lgbt,available,62.2,62.2,low,low,10,cloudflare,,,29/09/2026 17:43
d810ff2c-9e58-42fe-8794-4f3ba54da2b9,lessons.lgbt,available,11.98,93.98,medium,low,7,namecheap,,,25/09/2026 19:53
7d63fc8b-4201-4fbf-9136-676d28f62bc0,laundering.lgbt,available,10.92,66.56,medium,low,10,dynadot,,,30/09/2026 10:23
b7d99400-c1c9-44e0-b680-3181b10965c1,suicide.lgbt,available,14.99,79.99,high,low,7,namesilo,,,25/09/2026 05:57
c3d51060-cca5-46b9-bcd1-d2fe35f0cbb5,distribution.lgbt,available,14.99,79.99,high,low,12,namesilo,,,01/10/2026 02:53
5b4afce8-2d92-4272-915d-aadd8fdda2cf,alkalinity.lgbt,available,14.99,79.99,medium,low,10,namesilo,,,18/09/2026 08:19
a8d0cb7b-ac59-4143-84a8-84024ad2132b,anytime.lgbt,available,10.55,64.37,high,low,7,spaceship,,,01/10/2026 04:34
2addca55-2ce7-43fd-ad79-1bbf26442937,sauvignon.lgbt,available,14.99,79.99,medium,low,9,namesilo,,,01/10/2026 07:01
c347bd3a-84f5-4b19-a665-b64f1b0842b4,willingness.lgbt,available,19.99,,high,low,11,name.com,,,
a71469ff-6195-4a37-8758-292dcb01a32f,tetragon.lgbt,available,11.98,93.98,medium,low,8,namecheap,,,09/09/2026 07:24
b0a8b84b-15de-4219-9707-0fb788ee1fc1,undersexed.lgbt,available,11.98,93.98,medium,low,10,namecheap,,,12/09/2026 07:31
755f2469-792f-4145-9ce5-074988394a4b,suction.lgbt,available,13.5,,high,low,7,unstoppable,,,29/09/2026 14:01
0d832a4f-ec4e-4c5c-911a-f7df999cb13b,jalisco.lgbt,available,10.92,66.56,high,low,7,dynadot,,,29/09/2026 15:31
09c0c708-ff50-4c08-98ef-886473a4470e,adps.lgbt,available,11.98,93.98,medium,low,4,namecheap,,,17/09/2026 09:53
a4695c07-e85a-4947-9cba-7b2ca1243980,centerpiece.lgbt,available,11.98,93.98,high,low,11,namecheap,,,01/10/2026 06:15
68246852-4206-4ee7-a883-96100d066195,stroke.lgbt,available,62.2,62.2,high,low,6,cloudflare,,,28/09/2026 21:42
34728732-dee8-4cfe-b3af-1810d740d316,oily.lgbt,available,11.98,93.98,medium,low,4,namecheap,,,11/08/2026 11:42
983793a5-b4b3-4d10-bb83-768bb6cef82d,hometown.lgbt,available,13.5,62.2,high,low,8,unstoppable,,,30/09/2026 22:54
2b6747a6-b590-409c-b607-6d243b87b996,dishwasher.lgbt,available,10.55,64.37,high,low,10,spaceship,,,29/09/2026 15:53
25350640-3cd8-48f5-b341-240273cd579e,mesolithic.lgbt,available,11.98,93.98,medium,low,10,namecheap,,,24/08/2026 21:17
b0cac087-9a9b-430d-af33-c3562b27106d,arrack.lgbt,available,11.98,93.98,medium,low,6,namecheap,,,19/09/2026 23:47
8ddb6b7f-d680-4ae6-a06f-6e46244102bd,colombo.lgbt,available,14.99,79.99,high,low,7,namesilo,,,29/09/2026 07:00
dbc40bd1-a2f6-44ab-bbae-ea457eff4ba7,swash.lgbt,available,11.98,93.98,medium,low,5,namecheap,,,11/08/2026 01:05
1c1fa613-4a71-44ac-a27d-f7093028c5e2,encircled.lgbt,available,11.98,93.98,medium,low,9,namecheap,,,16/08/2026 22:19
3f010307-c775-419f-9ab3-8132153a61ae,stylized.lgbt,available,11.98,93.98,high,low,8,namecheap,,,08/09/2026 05:30
fbc2ce24-fd9e-4d9f-903d-23ee82d33ae7,areopagus.lgbt,available,14.99,79.99,medium,low,9,namesilo,,,20/09/2026 03:52
a411700f-a5af-40a1-b634-8fdef07c7b8a,chu.lgbt,available,14.99,79.99,medium,low,3,namesilo,,,25/09/2026 12:27
4e33d49c-5790-4e8d-92cb-78c13c102a26,caesium.lgbt,available,14.99,79.99,medium,low,7,namesilo,,,20/09/2026 23:16
0e01c855-e40d-4217-892b-2aa8f325df3d,fiery.lgbt,available,11.98,93.98,high,low,5,namecheap,,,06/08/2026 16:24
cc8e9071-db5e-4a7c-b2c1-b50dee25c24e,salem.lgbt,available,11.98,93.98,high,low,5,namecheap,,,29/09/2026 18:13
bf1fc0d6-2b1d-41de-996d-1374d9b31a34,bellboy.lgbt,available,14.99,79.99,high,low,7,namesilo,,,23/09/2026 05:55
f3f36855-c807-462d-90e4-4187ab6411ed,fungal.lgbt,available,11.98,93.98,medium,low,6,namecheap,,,18/08/2026 18:28
c5a86baf-52e7-4ae9-b140-55888fca3efd,amicable.lgbt,available,11.98,93.98,high,low,8,namecheap,,,22/09/2026 04:19
b54143a2-7422-4348-ae9f-b8e9349442af,arkansan.lgbt,available,14.99,79.99,medium,low,8,namesilo,,,20/09/2026 06:11
787e1a9b-fbfe-457c-8884-adabe34f7589,shrewdly.lgbt,available,11.98,93.98,medium,low,8,namecheap,,,13/09/2026 22:22
f032a999-c484-4f63-9022-6540c894b0df,epicurean.lgbt,available,11.98,93.98,high,low,9,namecheap,,,17/08/2026 10:40
c2020480-16fa-49de-9e58-bb886c0bd5de,toffy.lgbt,available,11.98,93.98,medium,low,5,namecheap,,,11/08/2026 04:55
21f1cc7c-00d6-4860-b160-dfaad0c58f22,demonstrates.lgbt,available,14.99,79.99,medium,low,12,namesilo,,,20/09/2026 23:55
e12ce713-0b23-4139-964f-9991c9e8fc59,viruses.lgbt,available,11.98,93.98,medium,low,7,namecheap,,,30/09/2026 06:37
89e50977-72cb-422f-b8ab-1096098fe69a,proust.lgbt,available,10.55,64.37,medium,low,6,spaceship,,,30/09/2026 17:59
e81caf38-b676-41f5-9df8-436d3f719a64,vapourish.lgbt,available,11.98,93.98,medium,low,9,namecheap,,,13/09/2026 01:13
8b5f926e-ce8b-4fc4-ac7b-12ac14de9483,simons.lgbt,available,14.99,79.99,high,low,6,namesilo,,,27/09/2026 20:33
baff1c53-e4c5-42c8-a42d-5bab427ebca5,fidgety.lgbt,available,11.98,93.98,medium,low,7,namecheap,,,05/08/2026 20:32
d0dacb32-1c7d-4465-9305-1bc38a643e7e,unscathed.lgbt,available,11.98,93.98,high,low,9,namecheap,,,12/09/2026 12:03
edb8b679-159a-4e52-8fb9-8f65851d3fd6,replaces.lgbt,available,14.99,79.99,medium,low,8,namesilo,,,20/09/2026 05:35
54df02c0-d28b-4ae3-9e9b-d176993d31f7,peck.lgbt,available,11.98,93.98,high,low,4,namecheap,,,25/08/2026 00:37
ccb05ad3-5438-4cfe-b643-acd2629611ad,rac.lgbt,premium,640,640,high,low,3,namesilo,,,30/09/2026 04:10
cef02dc5-a31d-4db1-8707-907945a0dc3b,roiling.lgbt,available,11.98,93.98,medium,low,7,namecheap,,,09/09/2026 18:16
1c01788a-2147-4b47-9915-20eb1b215a4c,school.lgbt,premium,66.5,78.54,high,low,6,unstoppable,,,30/09/2026 20:48
43306248-997e-4da2-8fc5-67bfb44f580b,complete.lgbt,available,11.98,93.98,high,low,8,namecheap,,,19/09/2026 19:02
0a9f13f4-94c3-47b3-9c63-a16cc71032d7,estranged.lgbt,available,11.98,93.98,medium,low,9,namecheap,,,17/08/2026 13:30
08499045-369c-4ade-96f5-0337b3c3f8a0,staple.lgbt,available,11.98,93.98,medium,low,6,namecheap,,,10/09/2026 18:45
4f74adfa-c567-4ac0-aaab-6f887d466d45,drivers.lgbt,available,10.55,64.37,high,low,7,spaceship,,,28/09/2026 03:43
fff443a6-18ce-4020-9725-37a3031e7c74,wickedly.lgbt,available,11.98,93.98,medium,low,8,namecheap,,,14/09/2026 16:40
49d346c6-dedc-471c-9713-06c94488b4a2,baking.lgbt,available,14.99,79.99,high,low,6,namesilo,,,22/09/2026 16:25
6c959d0c-f241-4bd7-abf1-e5f68cfe88f7,physiological.lgbt,available,10.55,64.37,medium,low,13,spaceship,,,29/09/2026 20:58
ebac740b-eb1b-4675-8b1c-6183d9e936c7,vapor.lgbt,available,11.98,93.98,high,low,5,namecheap,,,29/09/2026 18:48
24b741f1-343c-4628-a645-55a253bbd2da,aerofoil.lgbt,available,14.99,79.99,medium,low,8,namesilo,,,17/09/2026 13:00
610ef48b-3a77-4b4a-9601-650204a1f353,feeder.lgbt,available,11.98,93.98,high,low,6,namecheap,,,12/08/2026 21:09
fdf667fe-b8ca-4eca-9a13-6c3fb14a7dbb,carly.lgbt,available,10.55,64.37,high,low,5,spaceship,,,29/09/2026 15:23
be30e39c-f512-45e8-8f4c-578b79da3520,amount.lgbt,available,13.5,79.99,high,low,6,unstoppable,,,29/09/2026 07:57
4aacb4b9-a57b-4f17-be2d-92673f8e8baf,feminist.lgbt,available,11.98,93.98,high,low,8,namecheap,,,18/08/2026 01:02
bcccd367-2736-4921-bd52-6bf3462d1340,accessory.lgbt,available,13.5,93.98,high,low,9,unstoppable,,,01/10/2026 08:32
84919606-d048-44ef-8e81-d2b3470359b7,minded.lgbt,available,11.98,93.98,high,low,6,namecheap,,,24/08/2026 23:35
acef9d04-f995-4f76-a7ab-494fcd69feeb,skywards.lgbt,available,11.98,93.98,medium,low,8,namecheap,,,10/09/2026 09:51
b387e9b3-5c92-4c77-ad6e-25d79ad325a0,schizophrenia.lgbt,available,62.2,62.2,medium,low,13,cloudflare,,,30/09/2026 06:00
a9189b08-a9fb-4195-9246-376e9ba433cc,author.lgbt,available,14.99,79.99,high,low,6,namesilo,,,21/09/2026 05:09
67d93e65-351c-485c-84e9-61f5e825c6dc,catarina.lgbt,available,62.2,62.2,medium,low,8,cloudflare,,,30/09/2026 14:56
00b4e95b-64e1-4555-a296-6dca3bfe8421,buckner.lgbt,available,14.99,79.99,medium,low,7,namesilo,,,29/09/2026 09:53
70627114-a8a3-4073-a314-e08fa13923da,casually.lgbt,available,11.98,93.98,high,low,8,namecheap,,,14/09/2026 05:25
a1006e7a-05ee-4bca-ab8c-552eb1215770,woodward.lgbt,available,62.2,62.2,high,low,8,cloudflare,,,29/09/2026 06:07
b4363c78-2074-41d0-a6f5-039de1546168,observe.lgbt,available,11.98,93.98,high,low,7,namecheap,,,25/09/2026 23:53
d8d2bc72-6ddd-4c0f-ae26-cccc4964002d,chloroform.lgbt,available,14.99,79.99,high,low,10,namesilo,,,02/10/2026 04:21
fc5150b3-f592-43c4-9305-1f77c07dc0dd,injections.lgbt,available,10.92,66.56,medium,low,10,dynadot,,,01/10/2026 17:46
8d4ce77d-3b36-4e2b-a7dc-a01aa66e445f,edirne.lgbt,premium,640,640,medium,low,6,namesilo,,,17/09/2026 10:01
5148697f-0afe-4602-af51-3b7c107b7661,december.lgbt,available,11.98,93.98,high,low,8,namecheap,,,24/09/2026 21:09
3f8aca0a-4130-4b43-9437-4348204128b3,flop.lgbt,available,11.98,93.98,high,low,4,namecheap,,,23/09/2026 12:03
a7700691-4b20-4d87-b212-849e8e539461,pansy.lgbt,available,11.98,93.98,medium,low,5,namecheap,,,09/09/2026 08:07
8cad08be-0c59-4eb1-a326-c583788a11b3,eeoc.lgbt,available,13.5,,high,low,4,unstoppable,,,01/10/2026 08:04
900939c6-a812-4526-aa3d-b73bb749390d,legs.lgbt,available,10.55,64.37,high,low,4,spaceship,,,30/09/2026 02:47
07ef1edc-a9c1-4647-98dc-2e3dd0808d5b,phoney.lgbt,available,11.98,93.98,medium,low,6,namecheap,,,08/08/2026 23:14
f2cabe4b-b180-4bb8-8822-f4eef4998ae9,dished.lgbt,available,11.98,93.98,medium,low,6,namecheap,,,14/08/2026 10:52
f6a9418d-6ab6-478a-917a-e60e007520b4,drs.lgbt,premium,273.41,546.35,medium,low,3,porkbun,,,28/09/2026 22:08
e71ff547-c7ee-4b83-a096-39c768d10d9b,arteries.lgbt,available,62.2,62.2,medium,low,8,cloudflare,,,30/09/2026 06:28
93740ee8-0d6e-449e-a97f-5748ea94d026,neotenous.lgbt,available,11.98,93.98,medium,low,9,namecheap,,,03/09/2026 15:33
d300e72a-3f07-44b9-bccf-4bd69774abfb,dimorphic.lgbt,available,11.98,93.98,medium,low,9,namecheap,,,14/08/2026 08:09
4cfcf066-f1c3-49fa-a429-b2342e3e250d,tory.lgbt,available,62.2,62.2,high,low,4,cloudflare,,,01/10/2026 21:59
f16639cc-3f5a-4360-ab22-73e3d65c64bc,usernames.lgbt,available,14.99,79.99,medium,low,9,namesilo,,,20/09/2026 06:18
11519133-abb2-4ddf-8895-5b99426689d0,intuitions.lgbt,available,11.98,93.98,medium,low,10,namecheap,,,20/09/2026 19:28
bcc340d4-c8a8-4231-aa4b-a925bebacfad,landing.lgbt,available,11.98,93.98,high,low,7,namecheap,,,30/09/2026 02:04
937f0c7a-d8a5-4892-b7a5-8b00ab8e2921,deceitful.lgbt,available,11.98,93.98,medium,low,9,namecheap,,,13/08/2026 21:06
d11ca5eb-ee15-43a7-88fa-36b22cf2820b,harmonised.lgbt,available,11.98,93.98,high,low,10,namecheap,,,12/08/2026 22:52
a5217999-2af0-4b79-a4eb-a3d665ce1e16,medals.lgbt,available,19.99,,high,low,6,name.com,,,
21879a8e-1bde-4434-903a-d99c762e48c7,aas.lgbt,premium,78.54,78.54,high,low,3,namesilo,,,16/09/2026 13:41
34b26c01-477e-4e7e-a017-5eb0c44ae68b,playaround.lgbt,available,14.99,79.99,medium,low,11,namesilo,,,17/09/2026 06:03
54eec4f5-37d3-4e1e-ac2e-6250fff319a3,ankles.lgbt,available,14.99,79.99,medium,low,6,namesilo,,,30/09/2026 00:20
b20e7fee-d6ad-4531-9bf3-d1bd9cf84cef,bezel.lgbt,available,11.98,93.98,medium,low,5,namecheap,,,23/09/2026 12:19
448737e4-7932-4a51-a574-0a6cbf496363,jewelry.lgbt,available,62.2,62.2,high,low,7,cloudflare,,,30/09/2026 00:51
53d53624-96e5-42aa-8d39-1f624d5ee06e,roadway.lgbt,available,62.2,62.2,high,low,7,cloudflare,,,01/10/2026 21:33
3cf7959b-5ab1-437c-89dc-ea8e3f015baf,checking.lgbt,available,11.98,93.98,high,low,8,namecheap,,,25/09/2026 12:11
def8765f-fba6-4ab8-b7a6-8aa0708dd92f,located.lgbt,available,14.99,79.99,high,low,7,namesilo,,,25/09/2026 14:10
488a4c54-8ce5-4438-9dee-85506a239517,aerodrome.lgbt,available,14.99,79.99,high,low,9,namesilo,,,17/09/2026 12:58
ace168ea-d7cf-40de-a829-fcb2a81a2980,dianne.lgbt,available,62.2,62.2,medium,low,6,cloudflare,,,30/09/2026 05:00
92fa75ba-57dd-432c-8a11-03f1a32c5e07,assumption.lgbt,available,14.99,79.99,medium,low,10,namesilo,,,20/09/2026 16:39
64e9335e-fb42-4d25-abd6-3f6ee1336189,tahitian.lgbt,available,11.98,93.98,high,low,8,namecheap,,,11/09/2026 07:06
9091c2cc-19d1-4d26-98d1-6a72e480c5ae,acrylic.lgbt,available,11.98,93.98,high,low,7,namecheap,,,17/09/2026 04:05
26326862-aba8-4e5b-b4ea-d87b8cb597df,arability.lgbt,available,11.98,93.98,medium,low,9,namecheap,,,19/09/2026 23:32
120c938d-bea9-463f-b9b3-8406b028152d,adz.lgbt,available,14.99,79.99,medium,low,3,namesilo,,,17/09/2026 12:01
82282a18-7c1e-48c7-959b-bfd35419a017,censure.lgbt,available,14.99,79.99,medium,low,7,namesilo,,,19/09/2026 08:29
8e4ef5d9-cef8-402f-9ed4-2607f3c8cb11,crackle.lgbt,available,11.98,93.98,high,low,7,namecheap,,,13/08/2026 04:25
0257a812-d9e8-4bcc-b40c-23768255e04a,cricket.lgbt,available,62.2,62.2,high,low,7,cloudflare,,,29/09/2026 12:00
62d8722c-9f8b-4189-a65c-37e00eb38091,lashing.lgbt,available,11.98,93.98,medium,low,7,namecheap,,,22/08/2026 20:10
7bbe0182-08bc-45d5-bae6-a6bedcd00dcd,furnishing.lgbt,available,13.5,,high,low,10,unstoppable,,,28/09/2026 02:47
a672d7fd-12c2-4e21-b56e-dde457ac3414,adopted.lgbt,available,11.98,93.98,high,low,7,namecheap,,,
bcc76e2e-60cb-4756-8545-78e79ccba93d,legge.lgbt,available,10.55,64.37,medium,low,5,spaceship,,,01/10/2026 22:42
2228417d-d82f-4f9a-a42d-3f0ac0899ef1,jammed.lgbt,available,11.98,93.98,medium,low,6,namecheap,,,22/08/2026 12:07
fdea7664-2a86-409e-8f9b-638dd384a8cd,mccoy.lgbt,available,62.2,62.2,high,low,5,cloudflare,,,27/09/2026 21:17
7785c57d-d576-4f15-bff8-a7117df86fd1,comose.lgbt,available,11.98,93.98,low,low,6,namecheap,,,12/08/2026 18:22
44941c4b-7c91-4f6f-9a81-ac17087674e2,silicon.lgbt,available,14.99,79.99,high,low,7,namesilo,,,20/09/2026 22:24
3f891e6a-09a9-467d-8e0a-09abd07b88d6,quiesce.lgbt,available,11.98,93.98,medium,low,7,namecheap,,,09/09/2026 08:52
5867b25b-a9aa-46e8-8c03-e924abf1f786,marbles.lgbt,available,14.99,79.99,high,low,7,namesilo,,,29/09/2026 07:32
38666223-e114-40c5-a5dc-fbae46c7b759,sideways.lgbt,available,14.99,79.99,high,low,8,namesilo,,,24/09/2026 01:14
f195b3c0-0acd-4969-9279-8a1101b7812f,downside.lgbt,available,14.99,79.99,medium,low,8,namesilo,,,24/09/2026 23:40
b4015864-7aaa-4d2a-8d9f-97bcaad96626,hayek.lgbt,available,10.92,66.56,medium,low,5,dynadot,,,01/10/2026 02:14
61bc517e-a67f-4e74-b468-cb69e1e4b2f6,produced.lgbt,available,14.99,79.99,medium,low,8,namesilo,,,19/09/2026 16:32
161eaf87-615e-4d8f-8bad-b013ccc8d461,bootless.lgbt,available,11.98,93.98,medium,low,8,namecheap,,,10/08/2026 19:37
cb4cd458-5401-48c0-8bea-7745e9ff1df4,eliminated.lgbt,available,14.99,79.99,medium,low,10,namesilo,,,28/09/2026 17:04
2f847b52-41d8-44a9-b188-8063bfe46b9d,mailed.lgbt,available,11.98,93.98,medium,low,6,namecheap,,,24/08/2026 13:18
e7ad9a78-a95b-4563-b07f-dc5327969e4e,memorably.lgbt,available,11.98,93.98,medium,low,9,namecheap,,,15/09/2026 14:01
2f9be710-fed8-41ee-8b0d-096fa1372834,sample.lgbt,available,14.99,79.99,high,low,6,namesilo,,,25/09/2026 10:33
bdbf9439-a04c-48fd-a4af-168fecebbc29,rko.lgbt,available,62.2,62.2,medium,low,3,cloudflare,,,28/09/2026 21:41
4aeaa15f-532e-4d07-a82b-b96e63982047,cpc.lgbt,premium,517.7,517.7,high,low,3,spaceship,,,28/09/2026 16:33
0ccb4028-f3ff-4d67-99ed-c89ac2a3c446,booklover.lgbt,available,14.99,79.99,medium,low,9,namesilo,,,23/09/2026 12:51
5fbc855e-2c8a-479a-bf19-e408f6dc4d83,full.lgbt,premium,650,650,high,low,4,namecheap,,,24/09/2026 14:07
b31a9a2b-e3b1-4aa7-b75b-e50fd45fe97e,madam.lgbt,available,14.99,79.99,high,low,5,namesilo,,,24/09/2026 10:51
9b72f72f-4cce-4259-aac2-4dddd88c53d2,rotten.lgbt,available,14.99,79.99,high,low,6,namesilo,,,24/09/2026 01:35
568f6937-2d4a-4dd3-9f1c-71f494977d47,aida.lgbt,available,62.2,62.2,high,low,4,cloudflare,,,29/09/2026 22:17
b3cad1fd-c8b5-40d4-9ea6-128927554a0e,insulation.lgbt,available,14.99,79.99,high,low,10,namesilo,,,30/09/2026 01:59
7135ca1d-281b-4a6b-895c-51646d61b510,lengths.lgbt,available,62.2,62.2,low,low,7,cloudflare,,,29/09/2026 05:45
fcdc25b1-6937-463a-90d2-666055feed72,following.lgbt,available,11.98,93.98,high,low,9,namecheap,,,18/08/2026 10:22
dca22796-9825-4732-8624-f3571d3486d7,communicate.lgbt,available,13.5,,high,low,11,unstoppable,,,01/10/2026 02:22
b1d55dd0-61a3-48cc-bd27-71174087879b,engross.lgbt,available,11.98,93.98,medium,low,7,namecheap,,,10/09/2026 19:54
9772bafe-386a-4697-9dcf-db863b8eccf4,belongs.lgbt,available,11.98,93.98,high,low,7,namecheap,,,25/09/2026 20:38
27c6ba12-2a17-4278-a4ad-f039c49e0c15,laying.lgbt,available,11.98,93.98,high,low,6,namecheap,,,25/09/2026 22:34
b26bdee2-3abe-4f8d-bf0b-b39565558bc4,anima.lgbt,available,14.99,79.99,high,medium,5,namesilo,,,19/09/2026 08:28
e4080066-d8d9-41df-9d14-5ba2cebd056d,tumors.lgbt,available,14.99,79.99,low,low,6,namesilo,,,30/09/2026 06:57
cf0932c8-72a2-46bb-a440-9100e33e7ed1,dijon.lgbt,available,14.99,79.99,high,low,5,namesilo,,,24/09/2026 22:19
8af953e7-cd79-4a62-a5ec-9463e6aeb59e,phocine.lgbt,available,11.98,93.98,medium,low,7,namecheap,,,08/09/2026 18:58
49550119-2463-4e50-9c4b-61b694ea553b,bastards.lgbt,available,11.98,93.98,medium,low,8,namecheap,,,29/09/2026 11:17
169cbbb1-e1ba-4024-8c5d-9bde9a52a3da,cello.lgbt,available,10.55,64.37,high,low,5,spaceship,,,30/09/2026 01:01
8694e5ef-6310-4b86-b139-0f6a7f995a7a,blindness.lgbt,available,11.98,93.98,medium,low,9,namecheap,,,29/09/2026 17:58
8edee7b9-cf3f-4209-8f3e-bcd94bd7e49b,trollop.lgbt,available,14.99,79.99,medium,low,7,namesilo,,,17/09/2026 10:23
f4d5685b-496a-47d3-85e2-e9bfaf485107,speed.lgbt,available,14.99,79.99,high,medium,5,namesilo,,,25/09/2026 06:43
a957be3c-67c6-4856-8253-2f81a9fdf4b5,taping.lgbt,available,14.99,79.99,high,low,6,namesilo,,,01/10/2026 04:01
ef35da15-897a-4db0-853c-0a01eaade9f4,ethnicity.lgbt,available,14.99,79.99,high,low,9,namesilo,,,01/10/2026 01:57
b15c08b5-61cc-4372-95e7-9ce6e0cc8a35,radium.lgbt,available,14.99,79.99,high,low,6,namesilo,,,20/09/2026 23:59
344891a8-1dc3-4b7f-8dbe-54dbcae75345,graphite.lgbt,available,11.98,93.98,high,low,8,namecheap,,,24/09/2026 01:02
6eeddb38-1b15-4362-8ff0-9d61a9bf0f9c,reflexion.lgbt,available,11.98,93.98,high,low,9,namecheap,,,03/09/2026 11:28
a7e29921-5eb0-49bf-9f91-d17b33acdd91,agastache.lgbt,available,14.99,79.99,medium,low,9,namesilo,,,17/09/2026 16:24
458cc7fe-5b1f-457d-b32d-8d6c6a4cd317,hagerstown.lgbt,available,11.98,93.98,high,low,10,namecheap,,,29/09/2026 19:06
47d301e9-6682-431c-84eb-65468dbba70f,longitude.lgbt,available,62.2,62.2,high,low,9,cloudflare,,,30/09/2026 03:11
e864e288-fb52-4dbf-8590-132bd448513d,copaiba.lgbt,available,14.99,79.99,medium,low,7,namesilo,,,22/09/2026 00:08
fab44910-98d7-4de7-8641-4e2fcae5dbad,marsha.lgbt,available,14.99,79.99,high,low,6,namesilo,,,30/09/2026 04:40
59f95932-aa20-4e84-9ead-82f899ee3e31,edo.lgbt,available,10.55,64.37,high,low,3,spaceship,,,28/09/2026 01:23
87106664-535c-4f19-9af4-bcf4c5b3f28a,bmdo.lgbt,available,14.99,79.99,medium,low,4,namesilo,,,21/09/2026 22:57
449114b9-8274-41d5-8703-83c57988c031,believed.lgbt,available,14.99,79.99,high,low,8,namesilo,,,17/09/2026 00:11
40dd08ad-b99b-483f-a4f3-9858cd2c71f7,earthworks.lgbt,available,10.55,64.37,medium,low,10,spaceship,,,29/09/2026 17:50
829cfd16-9446-4a00-b769-6c1c7dc6dc31,prn.lgbt,available,11.98,93.98,medium,low,3,namecheap,,,13/09/2026 21:26
11a75d84-5fda-42aa-b8fb-b6477a66a561,maintaining.lgbt,available,10.92,66.56,high,low,11,dynadot,,,29/09/2026 10:51
95ebcafb-080b-4fd9-bf5a-7bca61c64b76,macintosh.lgbt,available,10.55,64.37,high,low,9,spaceship,,,01/10/2026 02:55
870d3e91-fa27-41cf-8049-09dc71d94f75,peaks.lgbt,available,13.5,,high,low,5,unstoppable,,,29/09/2026 17:03
b6db2c49-e8a6-48ef-a23e-03a7a439bb43,graffiti.lgbt,available,13.5,,high,low,8,unstoppable,,,29/09/2026 12:57
ca145d0c-82db-4eab-bff7-5c52a98ac14a,sunny.lgbt,available,11.98,93.98,high,low,5,namecheap,,,12/08/2026 03:57
f4ac3c71-db0f-42b4-b013-9782f77ecabe,unlicensed.lgbt,available,11.98,93.98,medium,low,10,namecheap,,,11/09/2026 23:37
0332c86b-c055-4f06-949d-c5cd653e574f,lake.lgbt,premium,66.5,78.54,high,low,4,unstoppable,,,30/09/2026 01:56
2fd047a1-f64d-4d78-a16c-38a0b3d4a7b2,rowland.lgbt,available,14.99,79.99,high,low,7,namesilo,,,25/09/2026 15:13
5cd58fd3-b23f-47a4-b94e-678ae8bf1402,hock.lgbt,available,11.98,93.98,high,low,4,namecheap,,,09/09/2026 16:33
24f895f2-f82f-48e6-a6c9-2ffe853f7b77,anthropoid.lgbt,available,11.98,93.98,medium,low,10,namecheap,,,
57dc76ce-70d2-4048-9b28-deea12b7820a,counting.lgbt,available,14.99,79.99,high,low,8,namesilo,,,25/09/2026 04:26
7b93cd49-a4c9-4671-9d68-9eb33139de71,severin.lgbt,available,14.99,79.99,high,low,7,namesilo,,,02/10/2026 00:18
cd533748-8ee8-427e-af69-2df95096cc67,astronaut.lgbt,available,11.98,93.98,high,low,9,namecheap,,,20/09/2026 17:56
99695518-9279-4f0e-98fe-3ac322f63c81,geographic.lgbt,available,11.98,93.98,high,low,10,namecheap,,,18/08/2026 22:27
90125dd5-22b6-47a5-a6b0-88c3e61e6be4,runs.lgbt,available,11.98,93.98,high,low,4,namecheap,,,17/09/2026 13:37
0037bd9a-a5e8-4698-8f42-389059e35df4,published.lgbt,available,14.99,79.99,high,low,9,namesilo,,,27/09/2026 07:35
0a19b996-8727-45ae-891a-391a697f28b9,rewarding.lgbt,available,62.2,62.2,high,low,9,cloudflare,,,27/09/2026 14:47
31622242-2dbe-4f11-b688-5ef743bdfa6b,quoted.lgbt,available,13.5,,medium,low,6,unstoppable,,,29/09/2026 23:28
81e0c056-b4a8-4868-9d17-30f694a04c14,ostensibly.lgbt,available,11.98,93.98,medium,low,10,namecheap,,,13/09/2026 20:26
92143fc6-7a3f-4871-ba9f-1343a10fa3b7,underestimated.lgbt,available,19.99,,medium,low,14,name.com,,,
8d99e6ee-ad8c-4bef-af4c-9576503298bf,illiterate.lgbt,available,11.98,93.98,medium,low,10,namecheap,,,21/08/2026 20:03
a21bdd1d-637b-4e04-9f0a-922eafda5edc,baritone.lgbt,available,11.98,93.98,medium,low,8,namecheap,,,08/08/2026 19:36
7a5eee66-5536-4c5a-9bb7-916384267d99,unclean.lgbt,available,11.98,93.98,medium,low,7,namecheap,,,14/08/2026 09:12
3db52335-0cc4-46ca-8870-0dcf6403291e,hobbs.lgbt,available,14.99,79.99,high,low,5,namesilo,,,27/09/2026 04:26
014da0d8-2939-4a24-a636-18bc85d90807,hindu.lgbt,available,11.98,93.98,high,low,5,namecheap,,,21/08/2026 09:30
dbbab40a-6846-4c8d-9424-73db42b6b4f7,cadet.lgbt,available,10.55,64.37,medium,low,5,spaceship,,,29/09/2026 00:18
f9e5aed3-ec40-46ee-84e3-54f7a8db3c16,multiplying.lgbt,available,11.98,93.98,high,low,11,namecheap,,,01/10/2026 06:06
9f6e1a38-7b3e-4b3a-af72-3393ae717481,kingman.lgbt,available,14.99,79.99,medium,low,7,namesilo,,,30/09/2026 13:59
56f8b8c6-5c1b-4dfd-ad2c-6355de5b964a,managed.lgbt,available,10.55,64.37,high,low,7,spaceship,,,01/10/2026 02:50
2b984142-c92e-49f9-b481-815014cb8b82,schematic.lgbt,available,11.98,93.98,high,low,9,namecheap,,,09/09/2026 23:02
b682d3e8-d6d2-436c-ac03-590eb205fc9f,warty.lgbt,available,11.98,93.98,medium,low,5,namecheap,,,13/09/2026 04:24
af599783-c0c8-475c-a6ab-f9944c88ce67,spider.lgbt,available,14.99,79.99,high,low,6,namesilo,,,26/09/2026 00:23
2c1773ac-6160-4a4e-92c9-fc77019f49d3,conjoint.lgbt,available,11.98,93.98,medium,low,8,namecheap,,,12/08/2026 22:05
e9a297d7-2048-472e-a0a8-a1fe7904652e,squalls.lgbt,available,14.99,79.99,low,low,7,namesilo,,,20/09/2026 14:16
81e8565f-1e79-4d1c-9d19-02063fea3333,pending.lgbt,available,14.99,79.99,high,low,7,namesilo,,,27/09/2026 03:20
b2d32d7f-1fad-4841-9176-b99a7a024aa3,tcr.lgbt,available,11.98,93.98,high,low,3,namecheap,,,30/09/2026 05:05
9b00fbc5-344a-451d-b1bc-4446626ad4d6,nonexempt.lgbt,available,11.98,93.98,medium,low,9,namecheap,,,03/09/2026 19:09
470cd410-2eb5-4b2f-ba74-a45e708606e1,charismatic.lgbt,available,13.5,,high,low,11,unstoppable,,,30/09/2026 12:00
e1b95d1a-d3df-442f-b4d7-afe4dcbf3076,gerber.lgbt,available,14.99,79.99,high,low,6,namesilo,,,29/09/2026 09:42
fbc0db7c-93bc-4a85-b92f-8d498a55e03e,xiang.lgbt,available,10.81,64.37,high,low,5,porkbun,,,29/09/2026 22:18
96543442-c92e-4f55-b33a-f2f37791b695,beguine.lgbt,available,14.99,79.99,medium,low,7,namesilo,,,23/09/2026 02:59
0033a343-9974-4990-a0d8-6fb600de5bf4,belief.lgbt,available,11.98,93.98,high,low,6,namecheap,,,23/09/2026 05:12
3cce50ee-b112-4106-9c62-c44832e65cc6,absurdity.lgbt,available,14.99,79.99,medium,low,9,namesilo,,,16/09/2026 18:39
2e32233c-ada5-4cd9-a714-a712cb3c0504,federal.lgbt,premium,650,650,high,low,7,namecheap,,,24/09/2026 17:28
03754ccc-fb80-4903-917b-90261f196494,chin.lgbt,available,11.98,93.98,high,low,4,namecheap,,,29/09/2026 08:41
74a33467-9683-456f-998d-73222136a577,canals.lgbt,available,10.92,66.56,medium,low,6,dynadot,,,01/10/2026 18:15
072f4f8c-c1ee-4330-960d-b740127d5d1a,wahoo.lgbt,available,11.98,93.98,medium,low,5,namecheap,,,16/09/2026 20:48
e2b94bb6-a1a1-4958-9676-866fe99f5038,one.lgbt,available,11.98,93.98,high,medium,3,namecheap,,,21/09/2026 10:37
b9d839c5-2443-4f17-8450-efc946fd8dda,pliability.lgbt,available,14.99,79.99,medium,low,10,namesilo,,,23/09/2026 07:42
1ad8ce5c-672e-4c40-9625-c1c901438d2d,rouser.lgbt,available,14.99,79.99,medium,low,6,namesilo,,,20/09/2026 08:33
f9ec686d-cf06-4f87-8d87-8c17a12e9363,happiest.lgbt,available,14.99,79.99,medium,low,8,namesilo,,,18/09/2026 04:16
1d2296c9-0b6d-4d5f-aa06-35a6b1ff638c,voiced.lgbt,available,11.98,93.98,high,low,6,namecheap,,,10/09/2026 14:06
c1823d30-ec2c-4650-846c-b7a11e28a67a,courses.lgbt,premium,625,,high,low,7,name.com,,,
392e92a4-4cba-4445-8eca-0656ec7722eb,onions.lgbt,available,19.99,,high,low,6,name.com,,,
2d359e98-2b93-40c2-a577-a7a8c4b5a55c,abbie.lgbt,available,13.5,,high,low,5,unstoppable,,,02/10/2026 00:07
2414b739-daac-4d50-a6b6-854003b8ed2a,dice.lgbt,available,14.99,79.99,high,low,4,namesilo,,,29/09/2026 14:49
eece8d68-a051-42b6-8ae5-6a795352c877,orbital.lgbt,available,11.98,93.98,high,low,7,namecheap,,,04/09/2026 17:35
2f98c1bf-8555-4354-852e-f168d67ab64b,blocky.lgbt,available,11.98,93.98,medium,low,6,namecheap,,,10/08/2026 14:53
83452f87-71c9-4821-8d83-02bcdd9371dd,sustained.lgbt,available,11.98,93.98,high,low,9,namecheap,,,18/08/2026 14:51
98afae21-51a6-443b-b657-c290092375da,armenian.lgbt,premium,78.54,78.54,high,low,8,namesilo,,,06/08/2026 19:39
2f4fde75-503b-4055-af42-a3a187a2222b,songbird.lgbt,available,10.55,64.37,high,low,8,spaceship,,,30/09/2026 11:31
fa7bcbda-664e-4d73-85d4-242e2b8323c0,britten.lgbt,available,14.99,79.99,medium,low,7,namesilo,,,23/09/2026 08:15
5cf03ba0-4e9b-41e4-b0bd-574f6e0cdd2a,rituals.lgbt,available,10.55,64.37,medium,low,7,spaceship,,,29/09/2026 05:40
993151a3-3f7e-4a25-b94f-0cd88ef6ff1a,arrests.lgbt,available,11.98,93.98,medium,low,7,namecheap,,,20/09/2026 19:12
26eab429-0c65-48aa-88fe-33ff75a682fb,knowing.lgbt,available,14.99,79.99,high,low,7,namesilo,,,25/09/2026 10:04
ec3a1206-36f7-4a62-a8e4-45a40b35e250,particles.lgbt,available,19.99,,medium,low,9,name.com,,,
a926f94e-9fce-4c1d-994c-d9f8d02f5282,becomes.lgbt,available,11.98,93.98,medium,low,7,namecheap,,,27/09/2026 10:31
bfef29f5-1203-4f90-9db4-33a61a463e5f,warwickshire.lgbt,available,14.99,79.99,medium,low,12,namesilo,,,29/09/2026 03:43
09bd73d6-0b93-4eb7-b622-76a2d279126c,schizoid.lgbt,available,11.98,93.98,medium,low,8,namecheap,,,09/09/2026 23:09
08ddc6eb-dfac-407b-af47-b94c6db513bc,screams.lgbt,available,14.99,79.99,medium,low,7,namesilo,,,28/09/2026 00:29
03be7866-5a9e-4134-991c-6f8f6d00ba96,promising.lgbt,available,14.99,79.99,high,low,9,namesilo,,,27/09/2026 07:28
c22ed532-cc0b-4915-b034-c7e353d0330f,competitions.lgbt,available,10.55,64.37,high,low,12,spaceship,,,01/10/2026 18:30
c344e751-a76b-46b6-a0cc-cbbad0360f5b,soften.lgbt,available,10.55,64.37,high,low,6,spaceship,,,30/09/2026 09:18
654b2bd4-6e3b-4091-b914-c42926885729,resonant.lgbt,available,11.98,93.98,high,low,8,namecheap,,,17/08/2026 15:19
0886cbdc-df46-4a2a-a0ac-a3dc3fd6aea5,gram.lgbt,available,10.55,64.37,high,medium,4,spaceship,,,29/09/2026 20:15
40d17370-9559-4205-a1aa-c335c869cbbf,alidad.lgbt,available,14.99,79.99,medium,low,6,namesilo,,,18/09/2026 07:31
25be3b02-f215-45e0-8a60-fac802cdd574,coupling.lgbt,available,10.55,64.37,high,low,8,spaceship,,,30/09/2026 16:49
8bcb34fc-651b-4e88-a12c-1fd90dcb5b31,nothing.lgbt,available,14.99,79.99,high,low,7,namesilo,,,25/09/2026 23:27
230675a0-2a9b-4727-af2b-6a0126e46bf5,smarting.lgbt,available,11.98,93.98,medium,low,8,namecheap,,,10/09/2026 11:48
cec6a5ee-e02f-4983-8ccc-38e9301a238f,borg.lgbt,available,14.99,79.99,high,medium,4,namesilo,,,01/10/2026 22:33
e7e88a44-ad44-470b-91dd-076e408442e9,knives.lgbt,available,13.5,,medium,low,6,unstoppable,,,28/09/2026 05:00
490fbbf8-a6fe-4d21-9e71-8449132c0b53,fury.lgbt,available,11.98,93.98,high,low,4,namecheap,,,24/09/2026 21:41
dad13bd1-c028-48c3-8eef-e5594b71ab47,wizardly.lgbt,available,11.98,93.98,medium,low,8,namecheap,,,24/08/2026 13:02
cf4e2cf4-b1d7-416d-aefa-c19996afdabb,hawks.lgbt,available,14.99,79.99,medium,low,5,namesilo,,,28/09/2026 22:17
d9a50c0e-0c13-4b1c-8434-cf2cb64ba366,launcher.lgbt,available,13.5,,high,low,8,unstoppable,,,01/10/2026 02:51
b9470c08-aaed-4726-8d16-f5a36f0638d0,holding.lgbt,available,10.55,64.37,high,low,7,spaceship,,,29/09/2026 02:03
ba4174b5-3cb5-4faf-9e4d-caef59a7b885,sensitivity.lgbt,available,14.99,79.99,high,low,11,namesilo,,,28/09/2026 12:30
4b6ba583-62bb-461c-adac-4356f44b7855,libraries.lgbt,premium,78.54,78.54,medium,low,9,namesilo,,,20/09/2026 00:02
63198005-1618-475a-aeb9-583923e1e610,impulses.lgbt,available,10.55,64.37,medium,low,8,spaceship,,,30/09/2026 14:13
248c8240-933b-48c4-9b1b-bb40fb95c6fe,forgot.lgbt,available,14.99,79.99,medium,low,6,namesilo,,,27/09/2026 21:47
57e305ec-4705-4def-9142-7b79c33f98e5,recalled.lgbt,available,14.99,79.99,medium,low,8,namesilo,,,18/09/2026 02:40
238d7ff7-d663-49b6-a161-3bc3345d16bb,hoop.lgbt,available,19.99,105.99,high,low,4,name.com,,,22/09/2026 11:23
f3cda66f-ef74-487e-be82-5d9c2c1c26b1,heel.lgbt,available,10.55,64.37,high,low,4,spaceship,,,29/09/2026 02:57
811387a7-52e8-49b1-8b76-0696c8d0b424,gimp.lgbt,available,11.98,93.98,medium,low,4,namecheap,,,23/08/2026 13:28
ec351a79-3cf6-47c7-b182-a4705737e3f7,bellis.lgbt,available,14.99,79.99,high,low,6,namesilo,,,23/09/2026 06:15
7ac050fa-0c17-4c54-b6bd-510a4b7dd2f1,pills.lgbt,available,14.99,79.99,medium,low,5,namesilo,,,20/09/2026 04:26
5f7d7d6b-7d48-41b5-a830-2e54b28a2dd5,grammatic.lgbt,available,11.98,93.98,medium,low,9,namecheap,,,20/08/2026 17:56
c407c845-3751-4846-86d4-72cdbaea69dc,rub.lgbt,available,14.99,79.99,high,low,3,namesilo,,,28/09/2026 10:09
c39b0f8f-ab3a-407e-b1e2-d300a17ae038,strengthening.lgbt,available,10.92,66.56,high,low,13,dynadot,,,30/09/2026 19:59
55786969-7c03-42fe-a630-1585246987b9,astern.lgbt,available,11.98,93.98,medium,low,6,namecheap,,,
70287fdf-7ca7-4047-8a7e-9ceccae5cd9c,skinned.lgbt,available,11.98,93.98,high,low,7,namecheap,,,10/09/2026 09:44
b91b9ae9-d960-43af-b2e8-4cf7bc122f19,monk.lgbt,available,11.98,93.98,high,low,4,namecheap,,,25/08/2026 04:11
4e86aa9e-92d7-44d0-b57b-6dfbf80aa5a7,gushing.lgbt,available,11.98,93.98,high,low,7,namecheap,,,11/08/2026 10:18
8b6d6196-ed62-4e0b-8bba-4c5a07adbb7c,tortoise.lgbt,available,10.55,64.37,high,low,8,spaceship,,,30/09/2026 18:59
9b3a79fa-1c02-46ca-863b-1aa73ab6b72f,toetoe.lgbt,available,11.98,93.98,medium,low,6,namecheap,,,20/09/2026 12:22
1a2c52ac-b2a5-479d-ab48-c87fca077f7a,bonefish.lgbt,available,14.99,79.99,high,low,8,namesilo,,,18/09/2026 03:25
7c30ef58-fd32-4e24-97d3-2aeaae941c4b,occipital.lgbt,available,11.98,93.98,medium,low,9,namecheap,,,04/09/2026 00:11
bf7619a0-a607-4f0c-b3d3-fafc40e5a854,declined.lgbt,available,10.55,64.37,low,low,8,spaceship,,,28/09/2026 22:47
0600cbc0-1e92-4a3b-b5f8-769698f98856,securely.lgbt,available,11.98,93.98,high,low,8,namecheap,,,16/09/2026 00:50
f5eae543-7a72-417d-8db1-fb40cb0837bd,pets.lgbt,available,10.55,64.37,low,low,4,spaceship,,,28/09/2026 08:51
88e87c1f-566d-4984-8861-afef0ec85ada,scorch.lgbt,available,11.98,93.98,medium,low,6,namecheap,,,10/09/2026 00:51
d8f2b3de-7a76-48fe-a00e-9568bccd63d6,nordic.lgbt,available,11.98,93.98,high,low,6,namecheap,,,03/09/2026 21:09
5c68d650-66ff-4c5d-a1e6-5a80d9615090,reckon.lgbt,available,62.2,62.2,high,low,6,cloudflare,,,30/09/2026 09:37
115b7b7d-ba65-4f8e-a421-cc92ff300efc,grid.lgbt,available,11.98,93.98,high,medium,4,namecheap,,,24/09/2026 17:52
8f2b0250-85c0-42dd-8d87-d8908c125658,waiting.lgbt,available,14.99,79.99,high,low,7,namesilo,,,27/09/2026 10:28
6bd970c6-a93d-4476-a9ca-033cd2e64f96,inman.lgbt,available,62.2,62.2,medium,low,5,cloudflare,,,29/09/2026 15:42
1ba573d0-96de-42fe-b8d5-609d89bb8186,faint.lgbt,available,11.98,93.98,high,low,5,namecheap,,,17/08/2026 21:01
8d6c237e-c261-40f7-a7f8-197a65e3f5ab,nts.lgbt,available,10.55,64.37,high,low,3,spaceship,,,01/10/2026 08:33
62d57a03-6b99-43b1-beb4-af12056a2b3a,privily.lgbt,available,11.98,93.98,medium,low,7,namecheap,,,15/09/2026 21:31
5a112a3d-4c69-4509-8956-1dc676a54d83,loved.lgbt,available,14.99,79.99,high,low,5,namesilo,,,25/09/2026 14:27
5d313b8f-b4c2-491d-bad6-dad846068727,firearm.lgbt,available,62.2,62.2,high,low,7,cloudflare,,,29/09/2026 00:55
64358edc-ebf1-4fb1-b92b-ce4c794b01f6,tyrone.lgbt,available,13.5,,high,low,6,unstoppable,,,29/09/2026 20:57
90d64009-aa98-4f6d-8966-6d3f73fa14f7,althaea.lgbt,available,14.99,79.99,medium,low,7,namesilo,,,18/09/2026 14:53
8a39c180-5adc-4c5f-998e-8036e43eadfa,bubonic.lgbt,available,11.98,93.98,medium,low,7,namecheap,,,11/08/2026 07:26
69f7245d-2203-42f9-a3c0-1b0841324539,alcibiades.lgbt,available,11.98,93.98,medium,low,10,namecheap,,,18/09/2026 04:00
c02046fc-bf89-4f5a-a8d2-0c063b852aa9,freshman.lgbt,available,11.98,93.98,high,low,8,namecheap,,,18/08/2026 05:23
4b758718-bb4c-459e-a769-c49eedc44d7d,actively.lgbt,available,10.55,64.37,high,low,8,spaceship,,,28/09/2026 11:44
69d8b921-a3c9-4a93-97f1-291979b1cdc3,boogie.lgbt,available,10.92,66.56,high,low,6,dynadot,,,29/09/2026 18:03
104882d3-9681-4ae5-9971-ad786ba88624,proposing.lgbt,available,10.92,66.56,low,low,9,dynadot,,,28/09/2026 22:53
a9d0f471-b202-48fd-9127-f8f961a22134,goodwin.lgbt,available,19.99,,high,low,7,name.com,,,
99d75ff8-6a03-4481-ad43-6e97049a96f1,copeland.lgbt,available,14.99,79.99,high,low,8,namesilo,,,27/09/2026 07:52
98b99c26-cdf3-461b-94c5-8268245526d4,atresia.lgbt,available,14.99,79.99,medium,low,7,namesilo,,,21/09/2026 00:42
85a58e57-1719-4667-9608-0790877e7973,fertilizer.lgbt,available,14.99,79.99,high,low,10,namesilo,,,29/09/2026 06:53
9125fba0-db23-41b9-9e53-fb7915d9ef9a,reddish.lgbt,available,14.99,79.99,high,low,7,namesilo,,,19/09/2026 03:49
45d7b077-f6bd-4d52-ba50-0ce8fecfa7d9,lush.lgbt,available,,,high,medium,4,,,,
e8ae2a4b-73f7-4007-8312-6d943714cd82,bigarade.lgbt,available,14.99,79.99,medium,low,8,namesilo,,,23/09/2026 15:03
c88265ee-8cac-469d-9a0a-5e04e12a3326,tempted.lgbt,available,13.5,,medium,low,7,unstoppable,,,29/09/2026 16:59
ac616590-5409-4581-a023-ca4b7d35dee3,warp.lgbt,available,10.55,64.37,high,medium,4,spaceship,,,29/09/2026 13:37
cb46ee88-5bf2-45db-9976-ed3b2d00444e,computing.lgbt,available,14.99,79.99,high,low,9,namesilo,,,19/09/2026 12:12
4bf034d8-f466-4998-a23b-666eae4d699a,planner.lgbt,available,11.98,93.98,high,low,7,namecheap,,,24/09/2026 17:52
6d243cb9-cc7b-4571-82c8-3d975b3f9c01,punch.lgbt,available,14.99,79.99,high,low,5,namesilo,,,27/09/2026 03:37
8018110b-33a0-441e-993f-f61125ee2045,ungrateful.lgbt,available,11.98,93.98,medium,low,10,namecheap,,,11/09/2026 12:26
a425aac6-afdc-4388-afb8-a40736f5723b,psychic.lgbt,available,14.99,79.99,high,low,7,namesilo,,,27/09/2026 07:57
933efe80-3a74-4110-920f-9ede29491a17,abnormalcy.lgbt,available,14.99,79.99,medium,low,10,namesilo,,,16/09/2026 16:19
5cec22ba-cb58-4ee3-8f84-295fb42d194d,identity.lgbt,premium,2070.2,2070.2,high,medium,8,spaceship,,,30/09/2026 21:00
8c8ac5fb-9704-4f5c-94f3-23b9476d6c27,eclipse.lgbt,available,14.99,79.99,high,medium,7,namesilo,,,25/09/2026 23:52
a1e4642c-16c2-49ff-beef-0f0737c6cca8,releasing.lgbt,available,11.98,93.98,high,low,9,namecheap,,,09/09/2026 13:32
e53c28a7-6461-487f-9de1-0b747e07f2b7,exaggerate.lgbt,available,10.92,66.56,high,low,10,dynadot,,,30/09/2026 19:19
d06270ad-8cfd-45f9-93fd-51a6271f4702,putting.lgbt,available,14.99,79.99,high,low,7,namesilo,,,25/09/2026 10:11
c485581d-0625-4f42-a766-1c64e5e95ca3,transcript.lgbt,available,11.98,93.98,high,low,10,namecheap,,,25/09/2026 22:18
6e14e4fc-f63d-4b5a-aba7-80f5e157930c,amid.lgbt,available,13.5,,high,low,4,unstoppable,,,30/09/2026 11:35
50d3c779-b0e0-4448-b8b1-45624cf9ad87,ivy.lgbt,available,11.98,93.98,high,low,3,namecheap,,,29/09/2026 10:26
ee611126-16a9-4bc1-9d59-ef5bd854ca7b,dispenser.lgbt,available,14.99,79.99,high,low,9,namesilo,,,24/09/2026 22:56
5d4ce73f-9314-4813-a691-2fd9a10d0ff9,reputed.lgbt,available,62.2,62.2,medium,low,7,cloudflare,,,01/10/2026 06:05
d1b7631f-cba0-4820-b555-e4c5d92c24fe,asphodelus.lgbt,available,14.99,79.99,medium,low,10,namesilo,,,20/09/2026 15:09
d3f98a78-b1f4-4298-91f7-da926a399fc2,chartered.lgbt,available,11.98,93.98,high,low,9,namecheap,,,12/08/2026 02:47
18ec84e0-b7be-4dd1-9840-416ef76b00a7,mere.lgbt,available,11.98,93.98,high,low,4,namecheap,,,25/09/2026 19:33
d7bfd550-d6e6-4ddd-9076-9986857f0d14,apostrophe.lgbt,available,11.98,93.98,high,low,10,namecheap,,,19/09/2026 19:30
c7ee1c2b-97c0-49e4-bf10-05d6df4aba3a,grin.lgbt,available,10.55,64.37,high,low,4,spaceship,,,27/09/2026 23:08
402943e6-5d1c-4287-8777-79568b5edaeb,ozone.lgbt,available,13.5,,high,low,5,unstoppable,,,29/09/2026 07:48
41ff7159-77c7-4f14-a4ad-c956326d6c9a,murray.lgbt,available,11.98,93.98,high,low,6,namecheap,,,25/09/2026 22:54
ab05d0d5-c324-4fbd-b49d-90c121654fef,dangers.lgbt,available,14.99,79.99,medium,low,7,namesilo,,,18/09/2026 04:42
caebf545-ce03-459f-8f15-2521ee13dd40,nilsson.lgbt,available,14.99,79.99,high,low,7,namesilo,,,29/09/2026 00:16
6e361079-97c2-4f4b-80b1-98aa561955c3,plata.lgbt,available,14.99,79.99,high,low,5,namesilo,,,27/09/2026 02:58
dd5d7f46-60a1-4ab1-83e6-8d4a852106e2,acme.lgbt,available,11.98,93.98,high,medium,4,namecheap,,,24/08/2026 20:47
b728824e-fb49-4f47-ab13-2b6455bfea07,qian.lgbt,available,10.55,64.37,high,low,4,spaceship,,,29/09/2026 10:05
74498687-75be-4ad1-895d-2351c25f5f48,enrolled.lgbt,available,10.81,64.37,medium,low,8,porkbun,,,29/09/2026 10:33
33eb5176-274a-4593-9809-3f2e4a6d69b4,silla.lgbt,available,10.55,64.37,high,low,5,spaceship,,,30/09/2026 21:36
caed5d4e-f3a3-42ff-aa80-7e90373cdded,pickett.lgbt,available,14.99,79.99,medium,low,7,namesilo,,,28/09/2026 14:18
a6efa91a-f9c9-4fb6-9021-b69fa2b5b8ca,reins.lgbt,available,10.92,66.56,medium,low,5,dynadot,,,01/10/2026 15:51
4364ded1-e5b5-4648-adeb-19ce3f61079e,rasp.lgbt,available,14.99,79.99,medium,low,4,namesilo,,,19/09/2026 15:15
8bda618e-baf2-4159-9a15-9d52e2351cb0,mossy.lgbt,available,11.98,93.98,high,low,5,namecheap,,,18/08/2026 10:02
cf1d17e9-ad79-4c94-8df5-e42966728160,remedial.lgbt,available,14.99,79.99,high,low,8,namesilo,,,22/09/2026 02:24
1207222c-9a44-4aee-b3d3-4984fbf9fec3,albula.lgbt,available,14.99,79.99,medium,low,6,namesilo,,,18/09/2026 03:24
df9a2929-122a-46ce-96f5-be9e5d4f6c44,allahabad.lgbt,available,10.81,64.37,medium,low,9,porkbun,,,30/09/2026 05:15
626e30f2-b32b-4a2c-b096-671d00157584,henriette.lgbt,available,10.92,66.56,medium,low,9,dynadot,,,30/09/2026 04:48
513f7ab9-40d8-4574-85b2-d99a3911c65b,builder.lgbt,available,10.55,64.37,high,low,7,spaceship,,,29/09/2026 05:12
e7490232-628d-4c50-81f2-aa7adfbaf59c,dues.lgbt,available,11.98,93.98,high,low,4,namecheap,,,19/09/2026 19:46
893962cf-6f3c-45e6-bd78-81a76f26e46d,nine.lgbt,available,11.98,93.98,high,low,4,namecheap,,,21/09/2026 13:23
1caaba63-c224-431c-bea5-2ec7937b0186,hoopla.lgbt,available,11.98,93.98,high,low,6,namecheap,,,21/09/2026 23:33
17aff14c-dd13-463e-9206-a43b3146007f,stressed.lgbt,available,11.98,93.98,medium,low,8,namecheap,,,10/09/2026 22:30
6138785a-f619-4969-9284-741640668059,mythologic.lgbt,available,11.98,93.98,medium,low,10,namecheap,,,03/09/2026 12:33
af77aabf-903c-4609-aad4-1fe7960de05e,precise.lgbt,available,11.98,93.98,high,low,7,namecheap,,,27/09/2026 04:53
9af6eabe-0651-492b-a40a-3882815bee86,guildford.lgbt,available,13.5,,medium,low,9,unstoppable,,,29/09/2026 15:26
7d02797d-71af-44ee-b96b-80382a1ba6a0,shameless.lgbt,available,11.98,93.98,high,low,9,namecheap,,,10/09/2026 05:53
37cffd10-3cc3-41b0-b28d-7f76d30d3cea,kind.lgbt,available,14.99,79.99,high,low,4,namesilo,,,25/09/2026 12:40
e37f30d8-a82c-4891-a0de-60b96bdba772,wolverhampton.lgbt,available,62.2,62.2,medium,low,13,cloudflare,,,29/09/2026 21:58
dd8fbb51-25da-4bb6-a5a0-f3b6c038a825,aesthesia.lgbt,available,11.98,93.98,medium,low,9,namecheap,,,17/09/2026 13:26
36ccf64b-f404-4e6d-a133-5e0c6de4c3b5,candor.lgbt,available,11.98,93.98,high,low,6,namecheap,,,24/09/2026 12:01
86896164-8262-40c0-9883-c8dbaad4df52,candour.lgbt,available,14.99,79.99,high,low,7,namesilo,,,24/09/2026 12:03
9a2953ab-d634-488f-91cf-8acbc9ec51e8,orchid.lgbt,available,10.55,64.37,high,low,6,spaceship,,,28/09/2026 20:03
9aef5397-1505-4848-9d2d-1ca7aa23bd73,strong.lgbt,available,14.99,79.99,high,low,6,namesilo,,,25/09/2026 07:58
2ac9e7a9-03b5-4ab1-acd4-4d04042b393c,tempt.lgbt,available,14.99,79.99,high,low,5,namesilo,,,18/09/2026 12:14
f145b714-2f65-4677-9b10-49d0fe3610a7,basinet.lgbt,available,14.99,79.99,medium,low,7,namesilo,,,22/09/2026 10:57
91866d69-df3a-480c-9367-ce13fb80d145,femoral.lgbt,available,11.98,93.98,medium,low,7,namecheap,,,18/08/2026 01:05
46fc9169-ac2e-409f-a398-c09358c21eee,ooze.lgbt,available,11.98,93.98,high,low,4,namecheap,,,04/09/2026 15:40
4b959fc1-a94d-48ba-85bc-2ddfbb040314,pebble.lgbt,available,10.81,64.37,high,low,6,porkbun,,,30/09/2026 02:28
13c94d5d-9445-4c09-b054-91987ecabe6f,anjou.lgbt,available,14.99,79.99,high,low,5,namesilo,,,19/09/2026 09:39
c8778ea4-3304-4e87-a862-a036cb8127c8,laurie.lgbt,available,14.99,79.99,high,low,6,namesilo,,,25/09/2026 17:15
0c7e24c8-b8b5-4844-802b-8c0579314063,wiper.lgbt,available,14.99,79.99,high,low,5,namesilo,,,24/09/2026 17:39
40218335-3207-400b-bdec-d83d75c14136,backwash.lgbt,available,14.99,79.99,medium,low,8,namesilo,,,17/09/2026 15:44
e1f04a31-4fee-4318-bd02-6eee4e911be1,interviewing.lgbt,available,62.2,62.2,medium,low,12,cloudflare,,,29/09/2026 11:14
0ead918a-2639-4f21-9782-faae6470e240,doris.lgbt,available,14.99,79.99,high,low,5,namesilo,,,27/09/2026 03:46
b9827d92-c50e-456a-960b-1cceceab8549,downs.lgbt,available,62.2,62.2,medium,low,5,cloudflare,,,29/09/2026 09:11
22437621-3bf2-4b6e-b69f-9bbd0defb877,olfactive.lgbt,available,11.98,93.98,medium,low,9,namecheap,,,04/09/2026 02:13
0c14b386-8b82-42a0-86e0-3cfecadc3b81,kidneys.lgbt,available,10.55,64.37,low,low,7,spaceship,,,29/09/2026 05:38
496fcf95-0aad-49ca-97c1-b10fd7e6c333,purposely.lgbt,available,11.98,93.98,medium,low,9,namecheap,,,13/09/2026 17:36
169c6ef2-84a9-4381-871f-5dac4c36d1a0,commit.lgbt,available,62.2,62.2,high,low,6,cloudflare,,,30/09/2026 17:30
ee9a6575-d111-4d03-bdd9-ee25b0a412d3,fails.lgbt,available,14.99,79.99,medium,low,5,namesilo,,,18/09/2026 00:27
c55d94dc-735e-4184-810b-d9999408712e,lindbergh.lgbt,available,62.2,62.2,medium,low,9,cloudflare,,,29/09/2026 06:20
418f8c70-ee2e-473b-b367-159367682c81,amberbell.lgbt,available,11.98,93.98,medium,low,9,namecheap,,,18/09/2026 16:32
d50d2d38-2a9f-4362-ae21-401a9849f1ac,persistent.lgbt,available,11.98,93.98,high,low,10,namecheap,,,14/08/2026 14:58
6a0fa766-7ce8-494b-9f97-3b5128ff7bfd,cowardice.lgbt,available,11.98,93.98,medium,low,9,namecheap,,,24/09/2026 18:57
0d2146f3-0e2f-43ed-8f89-d365a8fe14ae,ans.lgbt,available,14.99,79.99,medium,low,3,namesilo,,,19/09/2026 12:01
1f986f78-f191-4dc7-bb74-74e4743750bb,steaming.lgbt,available,11.98,93.98,medium,low,8,namecheap,,,10/09/2026 19:42
04c68432-e067-4b89-93fd-ed2fd69cad1a,endogenic.lgbt,available,11.98,93.98,medium,low,9,namecheap,,,17/08/2026 01:13
5e8c01c0-1c39-4071-84e4-e19fca92e8c2,bagging.lgbt,available,,,medium,low,7,,,,21/09/2026 18:06
12766206-e767-4f55-805d-97db3b2d0682,gallons.lgbt,available,13.5,,low,low,7,unstoppable,,,28/09/2026 23:47
b2fbf257-558b-4c89-a4ea-b3996f717389,tacitly.lgbt,available,14.99,79.99,medium,low,7,namesilo,,,16/09/2026 07:43
57f82b66-6f55-48c5-a7a2-71dea159d0fd,communists.lgbt,available,14.99,79.99,medium,low,10,namesilo,,,28/09/2026 13:10
a9393119-8adc-426e-8c61-2ecc5a0025ee,norse.lgbt,available,11.98,93.98,high,low,5,namecheap,,,03/09/2026 21:11
123fc8ba-5c7a-48c7-9452-d73e49ded21f,dressed.lgbt,available,14.99,79.99,high,low,7,namesilo,,,22/09/2026 07:16
b47d541b-45a3-416b-95e6-0ea0be4b6bd8,agriculture.lgbt,available,10.55,64.37,high,low,11,spaceship,,,29/09/2026 10:29
631cb003-43e9-4c72-bd90-bd0d73cc5fe4,principles.lgbt,available,19.99,,high,low,10,name.com,,,
30542a6d-7b38-48a3-8ab5-ef9b63339293,diffusely.lgbt,available,11.98,93.98,medium,low,9,namecheap,,,14/09/2026 12:36
aa82ed8b-51bc-4922-bb9d-e9cbac9bab38,defaults.lgbt,available,14.99,79.99,low,low,8,namesilo,,,21/09/2026 07:23
e0eb5d4e-2108-44ca-a9ce-ffbc9cfc740a,took.lgbt,available,19.99,,medium,low,4,name.com,,,
45efa299-3802-4545-af9a-0b0921c6aca7,acarpous.lgbt,available,11.98,93.98,medium,low,8,namecheap,,,
681c1527-8f21-4b7a-b2b8-c383652021f2,marduk.lgbt,available,14.99,79.99,medium,low,6,namesilo,,,21/09/2026 12:06
6eed7763-e12f-40e5-b1b2-d7225704565d,glasses.lgbt,available,10.55,64.37,high,low,7,spaceship,,,29/09/2026 18:45
b2560bde-2d07-4d55-8199-3024666d4a78,shapeless.lgbt,available,11.98,93.98,medium,low,9,namecheap,,,
a119fa05-98df-4722-bc18-c40e5f9e5b27,pragmatic.lgbt,available,11.98,93.98,high,low,9,namecheap,,,21/08/2026 00:30
fae8bacb-b03e-41e9-93c2-4c55f2f9f760,stash.lgbt,available,14.99,79.99,high,low,5,namesilo,,,30/09/2026 08:53
d6015b8b-31fe-4972-93ce-6111ef7a76cf,latex.lgbt,available,62.2,62.2,high,low,5,cloudflare,,,29/09/2026 13:16
1f7d15db-410f-47d5-b2f9-83e5431f6a78,shall.lgbt,available,19.99,,high,low,5,name.com,,,
3261a852-2a11-44fb-9afe-451f8de7d412,haste.lgbt,available,10.55,64.37,high,low,5,spaceship,,,27/09/2026 17:08
48592caa-dad4-40ff-a04a-2584b7864d38,strung.lgbt,available,11.98,93.98,medium,low,6,namecheap,,,10/09/2026 22:54
0a2d5e22-bb26-4696-b0ae-dcee6c2d44e7,endlessly.lgbt,available,11.98,93.98,high,low,9,namecheap,,,14/09/2026 06:09
5d919899-1551-4be8-9eaf-0eaf3218589c,propel.lgbt,available,11.98,93.98,high,low,6,namecheap,,,09/09/2026 03:16
73c63dfc-9b1a-420e-855b-625361641734,unlikable.lgbt,available,11.98,93.98,medium,low,9,namecheap,,,12/09/2026 00:58
b910ec7f-543d-4669-81b2-007ca1fd84ba,biographer.lgbt,available,11.98,93.98,high,low,10,namecheap,,,23/09/2026 18:07
39160d29-dc2c-45ab-9e16-da9d60adb06c,antitoxin.lgbt,available,14.99,79.99,medium,low,9,namesilo,,,19/09/2026 15:12
4d1def94-7521-4eaa-83b2-aed5e88019ba,entrancing.lgbt,available,11.98,93.98,medium,low,10,namecheap,,,09/08/2026 18:23
6a667840-fea7-4daf-a43e-93e3730832eb,wanly.lgbt,available,14.99,79.99,low,low,5,namesilo,,,16/09/2026 11:19
a9fc6e01-a900-4cd4-9563-e99856d233a9,marines.lgbt,premium,68.51,68.51,high,low,7,spaceship,,,30/09/2026 03:55
0fe0d8a4-d136-47ec-b3b4-9d2d7f6920b4,breakfast.lgbt,available,11.98,93.98,high,low,9,namecheap,,,04/09/2026 13:27
170bcc30-cd5e-4c9d-9d1f-cc4d54ed4479,usages.lgbt,available,14.99,79.99,low,low,6,namesilo,,,29/09/2026 05:10
ee5ee38d-2ccd-49fc-8da3-8b13bc1e650d,seduced.lgbt,available,10.92,66.56,low,low,7,dynadot,,,02/10/2026 03:11
5725edbd-fc1e-407f-8bba-86efb389b856,chalybeate.lgbt,available,11.98,93.98,medium,low,10,namecheap,,,12/08/2026 01:32
4fcc5ac1-bc61-4554-a9ae-7f0c5e4b3e63,written.lgbt,available,62.2,62.2,high,low,7,cloudflare,,,27/09/2026 18:44
62826240-cc2c-4027-b736-35117be6d349,atmospheric.lgbt,available,10.55,64.37,high,low,11,spaceship,,,29/09/2026 21:02
df851865-e3a0-4d54-a339-876590c27364,refund.lgbt,available,62.2,62.2,high,low,6,cloudflare,,,29/09/2026 07:57
13ab9620-e18b-48e2-937f-5457bcee8f6d,floppy.lgbt,available,11.98,93.98,high,low,6,namecheap,,,18/08/2026 08:51
2bcb50ba-868d-4108-8f58-b9a6133b2d83,inutile.lgbt,available,11.98,93.98,medium,low,7,namecheap,,,22/08/2026 08:54
9f6d6159-4041-4ee0-9f0f-799e8d969c22,bhp.lgbt,available,14.99,79.99,high,low,3,namesilo,,,29/09/2026 21:45
3527a7a5-fc87-4041-92f5-5ee705f9eda7,toughened.lgbt,available,11.98,93.98,medium,low,9,namecheap,,,11/09/2026 10:54
178a5be3-3a72-4560-8ce3-7298ecf72406,hoff.lgbt,available,10.55,64.37,medium,low,4,spaceship,,,29/09/2026 21:37
6edd8362-629e-43a8-a6c5-021f2eea2327,chung.lgbt,available,62.2,62.2,medium,low,5,cloudflare,,,28/09/2026 16:45
c416d4d3-123f-4e3f-abe0-a191c50369ca,vulcan.lgbt,available,10.55,64.37,high,low,6,spaceship,,,29/09/2026 20:36
53fe2385-18d8-4827-b3f1-5558d1f7ef53,taxpaying.lgbt,available,11.98,93.98,medium,low,9,namecheap,,,11/09/2026 09:32
cb46c7c9-86db-4990-8dfd-08c7a657e83d,nanjing.lgbt,premium,78.54,78.54,medium,low,7,namesilo,,,28/09/2026 10:29
8f82ddc8-1b30-435b-921d-effeb1383e12,shopkeeper.lgbt,available,14.99,79.99,high,low,10,namesilo,,,28/09/2026 02:48
cb465d73-74d2-4483-a434-e2e2e9023704,unearthly.lgbt,available,11.98,93.98,medium,low,9,namecheap,,,16/08/2026 02:28
a612068a-6523-4097-ba17-8d20f6660c54,borgia.lgbt,available,14.99,79.99,medium,low,6,namesilo,,,18/09/2026 05:55
0bccbd36-d62d-4062-9a3b-00e9dc8ca782,dinners.lgbt,available,13.5,,medium,low,7,unstoppable,,,29/09/2026 05:41
6ca8429a-46ce-407e-a322-d3ce7ef8e93a,scarred.lgbt,available,14.99,79.99,medium,low,7,namesilo,,,25/09/2026 17:02
c5b3ba83-5dfa-4511-8749-ac7d25701c67,depths.lgbt,available,10.55,64.37,medium,low,6,spaceship,,,28/09/2026 23:11
98f545e3-323b-4121-8ef9-9d7de3da7a6a,turnabout.lgbt,available,19.99,,medium,low,10,name.com,,,
722dbd3f-3c40-4f36-9050-e24b6c785541,cranes.lgbt,available,11.98,93.98,medium,low,6,namecheap,,,01/10/2026 00:39
345f6514-9608-462d-993c-ee1f3d815c81,prick.lgbt,available,11.98,93.98,medium,low,5,namecheap,,,08/08/2026 23:38
45ba50ec-42ec-4028-b8c6-1b585e4e9dad,brushy.lgbt,available,11.98,93.98,medium,low,6,namecheap,,,10/08/2026 20:19
5619b2ef-9790-4337-b74a-e1c6854fbe2d,copycat.lgbt,available,14.99,79.99,high,low,7,namesilo,,,19/09/2026 16:27
ccde8b4e-175b-4ba5-957d-5f00012acca9,dopey.lgbt,available,11.98,93.98,medium,low,5,namecheap,,,14/08/2026 16:04
20a9110c-690a-4e44-af1e-0e389248d65c,palladium.lgbt,available,14.99,79.99,high,low,9,namesilo,,,20/09/2026 23:10
53d8365e-fd41-4dc9-bf8e-64b1053667f8,sluggish.lgbt,available,11.98,93.98,medium,low,8,namecheap,,,10/09/2026 11:29
7da98291-0b0b-4c84-82cf-15f6761a37d2,jutland.lgbt,available,14.99,79.99,medium,low,7,namesilo,,,22/09/2026 15:18
03442c3d-92d2-44d4-a62d-8770cd8f77d0,misuse.lgbt,available,10.55,64.37,medium,low,6,spaceship,,,01/10/2026 20:33
2567dfdb-f2fe-458d-91de-b58812ba4ddf,diocese.lgbt,available,14.99,79.99,high,low,7,namesilo,,,23/09/2026 21:58
c5375d15-6f1a-4f68-9f86-d81222f81ab3,ocean.lgbt,premium,640,640,high,medium,5,namesilo,,,30/09/2026 06:03
06df4190-89d6-4716-8f48-9b850c9e44e3,umbilical.lgbt,available,11.98,93.98,high,low,9,namecheap,,,11/09/2026 23:00
ba244865-1a84-4f60-8cac-e6c6ce2d8b67,natation.lgbt,available,11.98,93.98,medium,low,8,namecheap,,,18/08/2026 08:34
192044de-6cb9-4a24-b91f-d7821b42d5d4,reflections.lgbt,available,14.99,79.99,medium,low,11,namesilo,,,18/09/2026 07:20
d81490f2-90f8-41ea-bd67-1a56ae26d1e1,penguin.lgbt,available,14.99,79.99,high,medium,7,namesilo,,,28/09/2026 10:42
c0ef372f-4e61-4dc9-8aef-45c496721869,mounting.lgbt,available,10.92,66.56,high,low,8,dynadot,,,29/09/2026 00:26
4bf9dd03-121b-4688-879c-c37acb408a27,hauled.lgbt,available,10.92,66.56,medium,low,6,dynadot,,,30/09/2026 00:24
deb950e5-12d1-49d6-accf-3f7694c3148a,androgyny.lgbt,premium,640,640,high,low,9,namesilo,,,19/09/2026 04:54
2df8eee8-983c-48d1-9712-ed41c6397622,union.lgbt,premium,68.51,68.51,high,low,5,spaceship,,,28/09/2026 09:47
220d720c-3e05-4c6f-9b81-a0f76e25cd8e,pitching.lgbt,available,10.55,64.37,high,low,8,spaceship,,,30/09/2026 06:51
ae9b3677-e868-43a3-9773-a15c6d6bb31f,satanic.lgbt,available,14.99,79.99,medium,low,7,namesilo,,,24/09/2026 05:47
4eaf3c51-9070-4df7-90fd-9f4f0c6648cb,wicklow.lgbt,available,14.99,79.99,medium,low,7,namesilo,,,01/10/2026 23:14
8be0e5fd-6e12-45bb-9d8c-9d3a688f196e,windblown.lgbt,available,11.98,93.98,medium,low,9,namecheap,,,13/09/2026 12:08
e48ac5d5-d64e-4bf6-899c-13325891c47e,bioethics.lgbt,available,11.98,93.98,high,low,9,namecheap,,,23/09/2026 17:56
47d8dec9-b564-4454-b262-1e6330968824,dispatching.lgbt,available,14.99,79.99,high,low,11,namesilo,,,02/10/2026 02:04
2dd9eb94-f405-4a10-b494-8b1fd4f3a4e2,ragweed.lgbt,available,14.99,79.99,medium,low,7,namesilo,,,23/09/2026 08:50
02dd3e15-dc0b-4899-8d32-70ae38472718,moments.lgbt,available,11.98,93.98,medium,low,7,namecheap,,,25/09/2026 20:25
8958b395-4744-43e1-a33d-d7ffe829cc94,squanderer.lgbt,available,11.98,93.98,medium,low,10,namecheap,,,09/09/2026 02:39
24aeb55b-4937-48d8-8889-af0254c64881,crashes.lgbt,available,11.98,93.98,low,low,7,namecheap,,,29/09/2026 05:45
aa29d932-b841-4c1c-9411-c520b6fcbb50,helmet.lgbt,available,11.98,93.98,high,low,6,namecheap,,,25/09/2026 23:05
7205c6ff-68d4-49b3-a0e5-bfdb49b0c67f,wha.lgbt,available,13.5,,medium,low,3,unstoppable,,,29/09/2026 14:45
6bbd13fe-54ef-430e-92b9-98a927793051,malaria.lgbt,available,10.55,64.37,high,low,7,spaceship,,,30/09/2026 03:44
5b2050c4-6940-4aca-954f-8b9c3e1caff7,hyperfine.lgbt,available,11.98,93.98,medium,low,9,namecheap,,,21/08/2026 16:48
a02a6c0f-551a-4ed1-bdce-7de5b09760a1,squiffy.lgbt,available,11.98,93.98,low,low,7,namecheap,,,09/08/2026 16:38
2a607a56-4633-4cd8-b171-28ba77e6afc2,untold.lgbt,available,11.98,93.98,high,low,6,namecheap,,,12/09/2026 21:37
4461e280-1850-41d6-aa9e-52377787f039,grindle.lgbt,available,11.98,93.98,medium,low,7,namecheap,,,18/09/2026 21:21
d9055c97-571e-4a77-8a98-471da297327f,assign.lgbt,available,14.99,79.99,high,low,6,namesilo,,,21/09/2026 02:19
9335b83a-b2f7-4692-94b7-1529ea444650,repel.lgbt,available,62.2,62.2,high,low,5,cloudflare,,,29/09/2026 15:49
df4c49f5-fb3d-4190-a44e-179cb7d23a9c,grandchildren.lgbt,available,7.98,93.98,medium,low,13,namecheap,,,
76c27ba2-1318-40b9-b60b-385761e5a271,seminal.lgbt,available,11.98,93.98,high,low,7,namecheap,,,18/08/2026 22:51
c757d2e3-0c6e-45f8-8904-9b7d0103e163,mil.lgbt,available,11.98,93.98,high,low,3,namecheap,,,11/08/2026 22:57
3acc1a86-1d74-4ad9-862f-8ada3ba600e9,childly.lgbt,available,11.98,93.98,medium,low,7,namecheap,,,12/08/2026 05:14
6049836e-97b2-470d-9ef5-ee75f3df4045,flat.lgbt,available,11.98,93.98,high,low,4,namecheap,,,21/09/2026 12:19
ec7a45e2-c84e-4d59-8517-8d2c28acc333,bandbox.lgbt,available,14.99,79.99,medium,low,7,namesilo,,,22/09/2026 01:01
9265935f-c746-4bfb-80f1-2ddff4c190c8,unshaded.lgbt,available,11.98,93.98,medium,low,8,namecheap,,,12/09/2026 19:27
6c876a73-8ed2-4e65-abf8-8fc2fb8866ad,atole.lgbt,available,14.99,79.99,medium,low,5,namesilo,,,20/09/2026 21:52
770d0d88-d00b-4ac7-ae56-82739c5112f3,moonlight.lgbt,available,11.98,93.98,high,low,9,namecheap,,,30/09/2026 05:14
a1da5fc4-0ccc-4329-83a5-3dec068ded77,throated.lgbt,available,11.98,93.98,medium,low,8,namecheap,,,11/09/2026 14:39
48f184a5-afe0-4a7f-b9e6-23aa12c0324a,requirement.lgbt,available,14.99,79.99,high,low,11,namesilo,,,01/10/2026 04:08
5d89801c-06c4-407f-a6a5-911dcdd9859f,cite.lgbt,available,10.55,64.37,high,low,4,spaceship,,,01/10/2026 18:58
4022d38e-2332-45d2-adb8-1689245d6cd3,tawdry.lgbt,available,11.98,93.98,medium,low,6,namecheap,,,12/08/2026 03:29
d558502e-5427-4312-8396-ac3d7c195cef,guided.lgbt,available,11.98,93.98,high,low,6,namecheap,,,20/08/2026 20:47
bbbc2fbd-6ca8-4e17-a368-7698a99ef6ae,figuring.lgbt,available,10.55,64.37,high,low,8,spaceship,,,29/09/2026 12:20
10c8950c-b7a1-440f-873f-cfe153c754d8,arouse.lgbt,available,11.98,93.98,high,low,6,namecheap,,,07/08/2026 23:59
66d52d7b-60ec-4ef5-a62b-3c85ff1b4ee4,making.lgbt,available,14.99,79.99,high,low,6,namesilo,,,29/09/2026 14:44
96d1e8d1-57cd-4d7a-ba70-e35732c0a76d,elisabeth.lgbt,available,14.99,79.99,high,low,9,namesilo,,,25/09/2026 14:58
273fd50f-9743-4b7e-9ae1-be6dafcc0e38,caves.lgbt,available,14.99,79.99,medium,low,5,namesilo,,,28/09/2026 13:19
be0ade14-15be-4ee0-9691-3faa5f39e89f,declared.lgbt,available,11.98,93.98,medium,low,8,namecheap,,,13/08/2026 21:46
509103dc-73dc-441a-889e-21fb29f45f2f,blessings.lgbt,available,10.55,64.37,medium,low,9,spaceship,,,28/09/2026 17:50
844fc1d6-7845-4606-8d14-f08c35fb29ab,endure.lgbt,available,11.98,93.98,high,low,6,namecheap,,,11/08/2026 02:41
7b200c23-ea44-497a-bd57-d8fbc5affd22,alveolar.lgbt,available,11.98,93.98,medium,low,8,namecheap,,,22/09/2026 02:54
a167d2e0-bcef-4525-a045-9272f37a807f,thin.lgbt,available,11.98,93.98,high,low,4,namecheap,,,14/08/2026 07:47
a86c4698-c5ba-4709-8b2c-ce7238f27ef4,beefalo.lgbt,available,14.99,79.99,medium,low,7,namesilo,,,23/09/2026 01:04
379c4f4f-3d14-42ba-b879-fe3f5131c764,housekeeper.lgbt,available,10.55,64.37,high,low,11,spaceship,,,28/09/2026 11:27
20d6b59d-3082-4f71-a8e2-43dc4420fb0e,shortages.lgbt,available,14.99,79.99,medium,low,9,namesilo,,,21/09/2026 03:14
abde0bfc-e6fc-4853-b3d1-b485852ee765,syd.lgbt,available,13.5,,high,low,3,unstoppable,,,30/09/2026 22:00
6350a177-8454-4e7d-8ce7-cf872428c9c7,sonoran.lgbt,available,10.55,64.37,high,low,7,spaceship,,,01/10/2026 23:36
9783d6a6-6f0e-4cdf-affc-ace4f0702d62,abridged.lgbt,available,11.98,93.98,high,low,8,namecheap,,,
5c4d9171-0479-439d-bd46-25293adab4c4,navarre.lgbt,available,14.99,79.99,medium,low,7,namesilo,,,27/09/2026 19:38
54757cab-3838-43fa-8b23-677a535461b0,qaeda.lgbt,available,14.99,79.99,medium,low,5,namesilo,,,18/09/2026 00:59
bcbaad3f-8975-49e8-9b4c-a067a324e18d,spicy.lgbt,available,14.99,79.99,high,low,5,namesilo,,,24/09/2026 22:14
ab6df81c-4b54-4e70-b11e-3bc9a267b642,person.lgbt,available,14.99,79.99,high,low,6,namesilo,,,25/09/2026 09:11
fafd53d2-cb4e-487b-bc81-e5e530ca55ea,gratification.lgbt,available,13.5,,medium,low,13,unstoppable,,,02/10/2026 01:26
06f705da-0fd1-4313-8a88-3d0458464b9a,orchestral.lgbt,available,11.98,93.98,high,low,10,namecheap,,,04/09/2026 17:42
575cdb52-9e67-4993-bbc4-82aed917c426,awake.lgbt,available,14.99,79.99,high,low,5,namesilo,,,22/09/2026 14:37
a1575944-cd17-4527-bd3b-490845ceaff6,touched.lgbt,available,11.98,93.98,high,low,7,namecheap,,,25/08/2026 09:12
98c21de4-bd25-4a02-aa1a-268f3be89ca7,maternally.lgbt,available,11.98,93.98,high,low,10,namecheap,,,25/08/2026 07:10
359fd92e-062f-4fed-9906-01847efe25e4,doherty.lgbt,available,10.55,64.37,medium,low,7,spaceship,,,28/09/2026 04:19
0b2ea451-738e-41bc-a9b2-2d2d3dc433f5,molecular.lgbt,available,11.98,93.98,high,low,9,namecheap,,,25/08/2026 03:53
f16d624b-4fea-4938-9bbc-d484da825b62,ergodic.lgbt,available,11.98,93.98,medium,low,7,namecheap,,,17/08/2026 12:09
214e3aa0-a719-409b-bd07-33a184c9b723,payne.lgbt,available,14.99,79.99,high,low,5,namesilo,,,25/09/2026 13:00
1fcba1de-88bb-4591-a5de-c0603d17911e,gel.lgbt,premium,78.54,78.54,high,low,3,namesilo,,,24/09/2026 16:20
9d9aaed9-adb5-4a93-b533-09c997fdae4c,shiatsu.lgbt,available,14.99,79.99,medium,low,7,namesilo,,,17/09/2026 05:40
92bf446f-4a54-4226-a367-884c3b311139,crucified.lgbt,available,14.99,79.99,medium,low,9,namesilo,,,30/09/2026 06:13
31e00b57-17ca-46f3-95a5-d73be60dbc9c,purchasing.lgbt,available,14.99,79.99,high,low,10,namesilo,,,24/09/2026 11:23
90e04034-3686-4016-9c73-045e8ed2d691,pellagra.lgbt,available,14.99,79.99,medium,low,8,namesilo,,,18/09/2026 13:55
119ea7dc-7d08-4c1a-b781-f29a71ad583b,scattering.lgbt,available,14.99,79.99,high,low,10,namesilo,,,24/09/2026 22:59
617b39a1-df63-45d4-b305-1a2aa50a977d,primary.lgbt,available,14.99,79.99,high,low,7,namesilo,,,27/09/2026 05:41
27646c7c-08bb-44b1-9faf-5c9674dd634e,deftness.lgbt,available,14.99,79.99,high,low,8,namesilo,,,17/09/2026 07:43
ecfa8d2e-f6b6-4f24-aea9-361b56b91ebb,lawyers.lgbt,premium,3900,3900,high,low,7,namecheap,,,25/09/2026 20:58
80fe527a-8eeb-47e8-8e50-6242708e133d,allergen.lgbt,available,14.99,79.99,high,low,8,namesilo,,,18/09/2026 10:53
aab174ee-fe91-46d5-8a31-b4f2e3885e07,fda.lgbt,premium,78.54,78.54,high,low,3,namesilo,,,25/09/2026 05:55
d2093ddf-8a6d-42b3-ba06-67d4d819af83,attempts.lgbt,available,14.99,79.99,medium,low,8,namesilo,,,18/09/2026 16:41
2061af00-9494-47a5-9eb6-b92c5e906547,conga.lgbt,available,14.99,79.99,high,low,5,namesilo,,,24/09/2026 17:17
fa885e9f-ac8f-4810-aa40-dafbb34ef470,educated.lgbt,available,14.99,79.99,high,low,8,namesilo,,,24/09/2026 13:27
8f839690-dfb3-453c-8c80-2731b8825cf1,tummy.lgbt,available,19.99,105.99,high,low,5,name.com,,,22/09/2026 17:49
bc1bd4bd-d452-4efc-8425-ca29c3e34aa8,rampantly.lgbt,available,11.98,93.98,medium,low,9,namecheap,,,13/09/2026 11:58
42ddb552-646e-47e5-9e60-974a1e8bd47e,accelerated.lgbt,available,10.92,66.56,high,low,11,dynadot,,,29/09/2026 14:30
2d4b1181-84e2-4a7d-8419-997e26b733b6,pictorial.lgbt,available,11.98,93.98,high,low,9,namecheap,,,23/08/2026 01:46
d6ae19f0-8efd-4db1-bc1e-ec8a91578883,gaily.lgbt,available,11.98,93.98,medium,low,5,namecheap,,,14/09/2026 20:57
d5d329c1-1d88-422c-9c98-2d2a2bee8a7a,reims.lgbt,available,10.55,64.37,medium,low,5,spaceship,,,29/09/2026 13:45
fefdcefb-3a2e-4318-b16a-f4af92719e88,uptight.lgbt,available,11.98,93.98,medium,low,7,namecheap,,,15/08/2026 09:30
7339c88e-e820-4f4a-982c-a50b5f17ab5a,french.lgbt,premium,2600,2600,high,low,6,namecheap,,,24/09/2026 21:41
3041db5f-da99-418a-b350-65dad68caa6e,blissfully.lgbt,available,11.98,93.98,high,low,10,namecheap,,,14/09/2026 00:23
75384679-63d4-43f4-837c-d4a631f96ab7,feel.lgbt,available,13.5,,high,low,4,unstoppable,,,29/09/2026 19:07
f845d022-9b25-4ca2-8587-ba5726d03854,haze.lgbt,available,14.99,79.99,high,low,4,namesilo,,,30/09/2026 01:51
e7c2bb89-99bd-433b-811e-9c602349cb9b,dural.lgbt,available,11.98,93.98,medium,low,5,namecheap,,,14/08/2026 21:30
dce18f8e-6f00-44b6-91f8-9495d80804eb,viviparous.lgbt,available,11.98,93.98,medium,low,10,namecheap,,,24/08/2026 07:53
ee053920-7c4c-4f2d-bfd8-67b73f6c1040,palmy.lgbt,available,11.98,93.98,medium,low,5,namecheap,,,10/08/2026 19:15
0b39e74d-67f2-414b-9b23-0d411ae52bff,trapped.lgbt,available,11.98,93.98,medium,low,7,namecheap,,,07/08/2026 11:08
f9ea392a-2452-40c1-916b-802bf31e2664,olibanum.lgbt,available,14.99,79.99,medium,low,8,namesilo,,,16/09/2026 09:03
d33ef6ca-ec59-440c-b3a2-3e0bdfcd6204,nate.lgbt,available,14.99,79.99,high,low,4,namesilo,,,25/09/2026 13:42
db3704fe-6210-436a-ab76-0dca5e7180b7,chow.lgbt,available,14.99,79.99,high,low,4,namesilo,,,29/09/2026 00:25
f82ab621-e075-4f2e-a93e-4f0a7ccf136b,ampicillin.lgbt,available,14.99,79.99,medium,low,10,namesilo,,,18/09/2026 23:35
855b1562-1ae9-4918-919e-7d6fd2923282,endeavour.lgbt,available,14.99,79.99,high,low,9,namesilo,,,21/09/2026 01:16
a30e21b1-0b82-4938-bcd6-2630b4194ffd,sanity.lgbt,available,10.55,64.37,high,low,6,spaceship,,,29/09/2026 13:55
e3197db6-b6ca-4f53-a245-80b101e90379,eclectic.lgbt,available,11.98,93.98,high,low,8,namecheap,,,14/08/2026 23:43
7ec5726e-38d3-4a15-8072-544dd2496066,obvious.lgbt,available,14.99,79.99,high,low,7,namesilo,,,25/09/2026 23:50
66f97eef-409a-424d-91ba-60980bf36b6a,novel.lgbt,available,11.98,93.98,high,low,5,namecheap,,,03/09/2026 22:19
9b5b3eec-2c79-4122-b348-21951010b7ef,laramie.lgbt,available,11.98,93.98,medium,low,7,namecheap,,,28/09/2026 14:40
842508c7-eb38-4c48-a93c-12a5a0f9a279,jeannie.lgbt,available,10.55,64.37,medium,low,7,spaceship,,,30/09/2026 21:23
a2244703-f6e0-4f2a-b18e-c79f93fef3c8,causes.lgbt,available,14.99,79.99,medium,low,6,namesilo,,,27/09/2026 09:34
204c05fd-b0b4-4c88-8feb-79c6f254aa80,astragal.lgbt,available,14.99,79.99,medium,low,8,namesilo,,,19/09/2026 09:44
f0c895d1-7480-4439-a229-03132ec83c02,independently.lgbt,available,10.81,64.37,medium,low,13,porkbun,,,29/09/2026 14:31
46ef2f89-b295-4ae0-928d-00ba46e3c2e8,autobus.lgbt,available,14.99,79.99,medium,low,7,namesilo,,,21/09/2026 05:51
380605ae-01b0-4f84-9303-d59c32243775,ambled.lgbt,available,14.99,79.99,medium,low,6,namesilo,,,20/09/2026 05:58
8d16e532-9653-4071-986b-2172c1bc72da,fertile.lgbt,available,11.98,93.98,high,low,7,namecheap,,,18/08/2026 02:11
295abca6-9741-4713-a9c7-f66d11415b00,vinegar.lgbt,available,14.99,79.99,high,low,7,namesilo,,,29/09/2026 08:17
d175f072-52fa-429b-b141-66403b8ccb66,rubidium.lgbt,available,14.99,79.99,medium,low,8,namesilo,,,20/09/2026 22:58
cd240340-5cae-4914-80e7-ec2111a5c954,coat.lgbt,available,14.99,79.99,high,low,4,namesilo,,,29/09/2026 05:46
beaa2c7d-2778-4275-aac7-3f25e9bf0df5,moot.lgbt,available,11.98,93.98,high,low,4,namecheap,,,14/08/2026 00:31
acc500e5-1434-4116-b50f-64ed2fe369e3,dial.lgbt,available,14.99,79.99,high,medium,4,namesilo,,,24/09/2026 22:10
f63fe112-0b7b-4f1e-b900-91c3ef5ece82,human.lgbt,available,11.98,93.98,high,medium,5,namecheap,,,25/09/2026 06:15
b3f1c729-cb29-4b0b-9547-cba369d28b82,coiling.lgbt,available,11.98,93.98,medium,low,7,namecheap,,,12/08/2026 16:09
41e04510-826b-4d70-8290-dcdf379e9b5a,cambrian.lgbt,available,11.98,93.98,high,low,8,namecheap,,,11/08/2026 15:45
e6ef8661-623f-4005-9218-6fb859930f54,civilizations.lgbt,available,10.55,64.37,medium,low,13,spaceship,,,01/10/2026 01:05
9cb6d0e8-e1af-4f91-8ee2-8a176524dc0b,potts.lgbt,available,10.55,64.37,medium,low,5,spaceship,,,28/09/2026 04:13
d2567256-7c51-40e1-9f55-41f495a8c468,narration.lgbt,available,11.98,93.98,high,low,9,namecheap,,,03/09/2026 13:18
bac8145b-5e9d-40e7-aaf2-be96055771a8,columella.lgbt,available,10.55,64.37,high,low,9,spaceship,,,30/09/2026 09:13
1b1347d3-fba9-4d8c-bbed-175e411f5b14,consistent.lgbt,available,11.98,93.98,high,low,10,namecheap,,,12/08/2026 16:01
0eeb1ccd-677d-4b08-9291-18d7187a49c9,gull.lgbt,available,11.98,93.98,high,low,4,namecheap,,,12/08/2026 15:08
6b2762c2-da9f-4083-8aa7-8d26faa21cae,isoforms.lgbt,available,62.2,62.2,medium,low,8,cloudflare,,,30/09/2026 07:43
6db1cea2-3d39-4e49-b74b-da91cbcc4825,vaporized.lgbt,available,11.98,93.98,medium,low,9,namecheap,,,18/08/2026 20:28
cb7f288e-fe91-4e49-bf24-ad5b3efc2fae,unpowered.lgbt,available,11.98,93.98,medium,low,9,namecheap,,,12/09/2026 17:18
fd81c4f1-fb03-4110-9e4f-143fff979588,addressed.lgbt,available,11.98,93.98,high,low,9,namecheap,,,
1560d358-a2e0-4b96-89e8-8f55f124796f,carboxyl.lgbt,available,11.98,93.98,medium,low,8,namecheap,,,11/08/2026 18:44
d78a1579-3e71-4785-a65b-baddae620189,whiner.lgbt,available,14.99,79.99,medium,low,6,namesilo,,,23/09/2026 06:44
9e2562df-504f-4fda-96de-e67f7e1fa585,fluids.lgbt,available,10.55,64.37,medium,low,6,spaceship,,,28/09/2026 17:17
68d13aa2-efc2-4f00-9db7-f5b34464f87c,brilliantly.lgbt,available,13.5,,high,low,11,unstoppable,,,29/09/2026 21:24
a5cec68b-24c2-47dd-b5fc-8ad1b26c8dce,studio.lgbt,available,14.99,79.99,high,medium,6,namesilo,,,26/09/2026 00:25
0c2d6dff-71b2-46de-9a5c-6bfb05753fe2,scraping.lgbt,available,10.55,64.37,high,low,8,spaceship,,,30/09/2026 02:48
1ea8b606-fd78-46af-9276-e21f465c5970,annals.lgbt,available,14.99,79.99,high,low,6,namesilo,,,19/09/2026 10:05
c3fab6a2-1e8a-4bc7-9b91-556eee661f59,fall.lgbt,premium,500.5,,high,low,4,unstoppable,,,28/09/2026 09:35
8a210f2b-b75e-4151-a0e5-0c2d2e9c5f7f,influential.lgbt,available,11.98,93.98,high,low,11,namecheap,,,08/09/2026 05:20
cbac11be-9b30-4c34-83cf-34ab91a57024,innovate.lgbt,available,11.98,93.98,high,low,8,namecheap,,,29/09/2026 02:37
44866a27-edac-4b14-ac2d-44cb3a625c0a,unexciting.lgbt,available,11.98,93.98,medium,low,10,namecheap,,,12/09/2026 09:32
2f94fe6c-13b2-4a98-9446-c7e129a1d6f0,whitehead.lgbt,available,11.98,93.98,high,low,9,namecheap,,,18/09/2026 06:40
85cd29d0-84db-4309-8c08-c7bda040d5a2,bronze.lgbt,available,14.99,79.99,high,low,6,namesilo,,,23/09/2026 09:58
8ef7ec62-a41e-4c3d-b6de-801daf860f6f,acousma.lgbt,available,14.99,79.99,medium,low,7,namesilo,,,17/09/2026 02:29
1764eb89-f6cb-41ba-9e73-002e61426d4f,kid.lgbt,premium,640,640,high,low,3,namesilo,,,25/09/2026 12:09
b7cff4e3-c88d-474f-990e-e66973f3a9bb,untagged.lgbt,available,11.98,93.98,medium,low,8,namecheap,,,12/09/2026 14:35
5b4279ee-de1a-49e3-980d-b106a53125b5,lonesome.lgbt,available,10.55,64.37,medium,low,8,spaceship,,,28/09/2026 21:14
d2b19bba-acf4-4c71-a5d7-5c03b551145d,anvers.lgbt,available,14.99,79.99,medium,low,6,namesilo,,,19/09/2026 15:49
ea74256c-55e7-485e-8f3e-a736ca9c51c0,eyestrain.lgbt,available,14.99,79.99,medium,low,9,namesilo,,,20/09/2026 17:21
2167b628-0b15-423a-afaa-2c23b621e633,terrorist.lgbt,available,14.99,79.99,medium,low,9,namesilo,,,25/09/2026 10:50
bb07b55b-1ee1-4e1b-aa89-2d92d40f5c49,dong.lgbt,available,11.98,93.98,medium,low,4,namecheap,,,28/09/2026 14:32
563a59a3-a9d1-4a3a-8504-e416e01b6ee5,juridical.lgbt,available,11.98,93.98,medium,low,9,namecheap,,,22/08/2026 14:40
9b4ddc9b-30be-4678-885b-0f2c9d1c472a,achiever.lgbt,available,11.98,93.98,high,low,8,namecheap,,,28/09/2026 17:48
7a17757b-b083-4a6f-9e3d-a78502172dac,forget.lgbt,available,10.92,66.56,medium,low,6,dynadot,,,30/09/2026 15:44
31876b33-db14-4d62-ad40-a9fa5da87498,fade.lgbt,available,11.98,93.98,high,low,4,namecheap,,,28/09/2026 05:41
e872ffc7-cf13-4b4a-bf8d-0440de8b79ff,protective.lgbt,available,14.99,79.99,high,low,10,namesilo,,,27/09/2026 07:44
230c0fce-ddfb-43ab-bf90-7b1164bf4878,suety.lgbt,available,11.98,93.98,low,low,5,namecheap,,,11/09/2026 01:08
112381a7-1eb4-45c0-adc0-0b9fe351f655,segment.lgbt,available,62.2,62.2,high,low,7,cloudflare,,,28/09/2026 20:24
dd359ae0-aab0-45b0-b680-174a9cb8cede,prokhorov.lgbt,available,14.99,79.99,high,low,9,namesilo,,,18/09/2026 05:06
80f16039-442a-4469-8ad2-20acefd57295,other.lgbt,available,14.99,79.99,high,low,5,namesilo,,,26/09/2026 00:34
42d01fd9-520f-4307-bb67-e2571fad07b1,harlem.lgbt,available,11.98,93.98,high,low,6,namecheap,,,28/09/2026 10:00
f1c3c5f2-4aee-4c2d-8d5d-f98ef4c25b47,nil.lgbt,available,11.98,93.98,high,low,3,namecheap,,,03/09/2026 22:28
aca7c16a-ea07-4008-83d9-9856f9ca701b,aimlessly.lgbt,available,11.98,93.98,medium,low,9,namecheap,,,13/09/2026 18:28
6ce230d5-8be9-481b-9a68-0c79fbcc7ee3,davison.lgbt,available,14.99,79.99,high,low,7,namesilo,,,28/09/2026 04:10
9edef41b-daa1-4582-9cf6-b2f8699bd4e3,acropetal.lgbt,available,11.98,93.98,medium,low,9,namecheap,,,
0087f410-d59e-4563-9d5f-4e830c5d41dd,traduce.lgbt,available,11.98,93.98,medium,low,7,namecheap,,,24/08/2026 14:06
469f630f-2b0e-4a13-af6c-ad47d66801cc,latino.lgbt,premium,2500,2500,high,low,6,name.com,,,21/08/2026 09:46
a89553ca-e58a-4d42-80b0-01a0e22f1411,carroty.lgbt,available,11.98,93.98,medium,low,7,namecheap,,,11/08/2026 19:48
49a1c9b7-7cd7-46fc-9d8a-2063ca57f8d9,guerra.lgbt,available,10.81,64.37,medium,low,6,porkbun,,,28/09/2026 12:18
ba372244-a57a-4ba1-975e-8469ba9e7dc0,cough.lgbt,available,11.98,93.98,high,low,5,namecheap,,,24/09/2026 18:37
a08a8e2a-1a83-44f7-bf76-4b470572a00e,implementing.lgbt,available,13.5,,medium,low,12,unstoppable,,,01/10/2026 16:36
b6ccb630-cf96-434c-bf62-711800ff8181,careers.lgbt,premium,2660,2660,medium,low,7,namesilo,,,28/09/2026 23:00
cddbf5d5-6556-4cba-9cce-e91e3ffcab7a,shingles.lgbt,available,14.99,79.99,high,low,8,namesilo,,,02/10/2026 05:14
54a4be2f-fc14-420c-8045-99a351d02332,bahasa.lgbt,available,14.99,79.99,medium,low,6,namesilo,,,21/09/2026 18:41
64e5eeec-8215-4300-9110-826d021b999b,arda.lgbt,available,14.99,79.99,high,low,4,namesilo,,,17/09/2026 10:27
8140ba75-b71a-430d-94a9-497d61ca0e52,philadelphia.lgbt,premium,2500,,high,low,12,name.com,,,
8048fd40-fb9a-4a96-b048-bafe9735ed1d,tread.lgbt,available,11.98,93.98,high,low,5,namecheap,,,30/09/2026 02:58
a1fb7ca1-784f-4f90-9c7d-143e51bbe6df,wilderness.lgbt,available,10.92,66.56,high,low,10,dynadot,,,28/09/2026 15:33
d66f680d-ced3-4d2a-b0f9-a2831dfb533b,grotty.lgbt,available,11.98,93.98,medium,low,6,namecheap,,,20/08/2026 20:20
e7acf2cf-b9a8-4faf-b8e6-63ce6e8585a0,holdup.lgbt,available,14.99,79.99,medium,low,6,namesilo,,,20/09/2026 06:37
97ce5568-4cef-42f9-a300-215ad178fce3,inundated.lgbt,available,11.98,93.98,medium,low,9,namecheap,,,08/08/2026 00:29
2e762825-6366-4b02-9cdb-385fa07a4fb7,luminous.lgbt,available,11.98,93.98,high,low,8,namecheap,,,
af47fbc7-b4f1-4728-a9fe-1978e20204dc,coppery.lgbt,available,11.98,93.98,medium,low,7,namecheap,,,13/08/2026 00:34
d02c9c5e-bc65-4046-8ad6-6ddebda0bc33,chipper.lgbt,available,11.98,93.98,high,low,7,namecheap,,,12/08/2026 05:56
c673fe43-2368-4e9a-b583-0c08e9568b3e,steaks.lgbt,available,10.55,64.37,medium,low,6,spaceship,,,02/10/2026 03:26
1d2e3b27-fe5c-4a41-a936-49ff84ea27bb,lustful.lgbt,available,11.98,93.98,medium,low,7,namecheap,,,12/08/2026 20:18
899aa9ab-cbee-4b48-99cc-eccb3439492d,starts.lgbt,available,19.99,,medium,low,6,name.com,,,
9ae6ac83-9bd7-4dc5-a8c2-0b1472c339b2,actinide.lgbt,available,11.98,93.98,medium,low,8,namecheap,,,
87a2d375-e985-4a1a-9cf0-85269831894a,homologous.lgbt,available,11.98,93.98,medium,low,10,namecheap,,,21/08/2026 12:58
6226f43c-a156-401f-a84c-55b3ca3bba2d,barbarossa.lgbt,available,14.99,79.99,medium,low,10,namesilo,,,22/09/2026 04:31
52f39319-5529-45e2-a61f-e550d7f8dc20,maura.lgbt,available,14.99,79.99,medium,low,5,namesilo,,,01/10/2026 08:34
b5fbd6bb-881a-4f11-ac28-f79789cd518d,themselves.lgbt,available,14.99,79.99,medium,low,10,namesilo,,,25/09/2026 16:52
762f0130-6cd3-4810-a1bb-6fc62e496288,lathery.lgbt,available,11.98,93.98,medium,low,7,namecheap,,,22/08/2026 20:36
05285eca-a25b-4249-be15-4a0aa518b4e9,bulimia.lgbt,available,19.99,105.99,medium,low,7,name.com,,,23/09/2026 17:32
b43edd6a-6378-490f-99c3-7579fceb264e,brno.lgbt,available,10.55,64.37,medium,low,4,spaceship,,,29/09/2026 18:06
97971c38-a6aa-4aa3-b476-0ad2ded0edc2,lyon.lgbt,available,10.92,66.56,high,low,4,dynadot,,,01/10/2026 20:25
795f97c3-4219-4209-ae71-ce22edb82376,relapsing.lgbt,available,11.98,93.98,medium,low,9,namecheap,,,09/09/2026 16:17
dab84cc2-40f6-4842-81fd-84cf3a46c605,jeffrey.lgbt,available,14.99,79.99,high,low,7,namesilo,,,25/09/2026 13:36
7706195e-abf2-4f08-bb63-252c6222c6ae,heck.lgbt,available,10.55,64.37,high,low,4,spaceship,,,01/10/2026 01:34
cc183bae-b11e-4a83-b0c9-f923c81630e1,edgewise.lgbt,available,11.98,93.98,medium,low,8,namecheap,,,14/09/2026 15:02
4daaae11-c25e-4311-b57d-3b0158f42f7a,confirm.lgbt,available,11.98,93.98,high,low,7,namecheap,,,27/09/2026 05:57
d0d6ff37-989c-4cf7-9483-a4e771a0ee96,nominations.lgbt,available,13.5,,medium,low,11,unstoppable,,,01/10/2026 00:32
83b55241-65fc-4d39-8f5f-1137c55cf8e4,attracted.lgbt,available,14.99,79.99,medium,low,9,namesilo,,,26/09/2026 03:10
b8298c6f-c8d4-4130-be31-1a4479df1ba2,broached.lgbt,available,11.98,93.98,medium,low,8,namecheap,,,
104519f9-8479-4e2d-a6ea-752066b4510b,triclinic.lgbt,available,11.98,93.98,medium,low,9,namecheap,,,
09ecc92c-fcca-4c02-8d97-6c008841c641,alary.lgbt,available,11.98,93.98,medium,low,5,namecheap,,,
82511c2b-2cf9-42c8-b032-f7e02dcde51c,borne.lgbt,available,19.99,,high,low,5,name.com,,,
5d062043-bbc0-43c1-9ed7-934835475b01,trombone.lgbt,available,10.55,64.37,high,low,8,spaceship,,,01/10/2026 22:00
e46b83b4-928d-4ee0-82f3-7b12c9406d66,syringe.lgbt,available,11.98,93.98,high,low,7,namecheap,,,30/09/2026 11:09
222300ec-34b4-4f1c-9464-05dbfccbff59,ehrlich.lgbt,available,10.92,66.56,medium,low,7,dynadot,,,29/09/2026 00:46
9dcb1565-d7ae-41bb-bac2-bd6c964460bb,apathetic.lgbt,available,11.98,93.98,medium,low,9,namecheap,,,05/08/2026 22:04
4b6f9a03-abdc-488e-9dd3-6be7a86fe815,romain.lgbt,available,10.92,66.56,medium,low,6,dynadot,,,30/09/2026 20:14
57ed4f1c-2d6a-4e2c-9c07-6503c719bc83,wheelchair.lgbt,available,13.5,,high,low,10,unstoppable,,,28/09/2026 11:05
c3a0bd41-bdb0-44f9-bfc5-590391ea17c7,picnic.lgbt,available,14.99,79.99,high,low,6,namesilo,,,24/09/2026 14:34
076bc926-3eec-4d17-ba56-65db8bc770ec,acids.lgbt,available,19.99,,medium,low,5,name.com,,,
60c4289d-78e1-4200-974b-ac468442f248,hypo.lgbt,available,11.98,93.98,high,low,4,namecheap,,,21/08/2026 17:15
9b29b1c5-f482-4745-ad40-95f3329ffaaf,flashing.lgbt,available,11.98,93.98,medium,low,8,namecheap,,,28/09/2026 19:14
9ae28baa-139b-4e6e-a614-f3bf9819f676,fuckster.lgbt,available,10.55,64.37,medium,low,8,spaceship,,,02/10/2026 05:00
71932f21-e3e4-4676-9015-b0aa544fba4f,unconscious.lgbt,available,19.99,105.99,medium,low,11,name.com,,,26/09/2026 03:06
d649108a-c2e8-4f88-906e-a8b5e76a64e5,kitschy.lgbt,available,11.98,93.98,medium,low,7,namecheap,,,09/08/2026 00:53
2146c6e8-f417-4daa-ae12-42c46444f697,peritoneal.lgbt,available,11.98,93.98,medium,low,10,namecheap,,,08/09/2026 17:25
d077bd42-583f-4f2a-b404-c348b1ffb645,sharp.lgbt,available,14.99,79.99,high,low,5,namesilo,,,21/09/2026 16:42
e291bd11-6b4e-4cd8-915f-1116e466f80c,tasmanian.lgbt,available,11.98,93.98,high,low,9,namecheap,,,11/09/2026 08:50
143e7639-b4a9-4a7f-8359-6113719e7549,muttering.lgbt,available,11.98,93.98,medium,low,9,namecheap,,,03/09/2026 11:14
6836cd86-04e8-4b28-9ef3-3db62faa35fb,hostile.lgbt,available,14.99,79.99,high,low,7,namesilo,,,25/09/2026 00:05
b10cc621-fb88-4b36-8c50-20590966bac3,woodsy.lgbt,available,11.98,93.98,high,low,6,namecheap,,,06/08/2026 13:04
b620697a-1557-4e71-9325-1c55555ac911,marijuana.lgbt,available,14.99,79.99,high,low,9,namesilo,,,29/09/2026 07:08
23056808-074c-46ab-a2a8-079ef6f02203,ameer.lgbt,available,11.98,93.98,medium,low,5,namecheap,,,18/09/2026 18:04
d70a0c82-f9de-4088-b201-958045255f63,rewarded.lgbt,available,10.55,64.37,medium,low,8,spaceship,,,28/09/2026 23:21
faead787-2253-40f7-96fc-05c0aa884348,swagman.lgbt,available,11.98,93.98,medium,low,7,namecheap,,,11/09/2026 05:01
f571a1cf-53b1-4aa2-8f64-14cdab341bb9,semi.lgbt,available,14.99,79.99,high,low,4,namesilo,,,20/09/2026 11:18
5d22711b-81fd-4b61-968d-43a5343442a3,gentile.lgbt,available,11.98,93.98,high,low,7,namecheap,,,18/08/2026 21:53
7c1812bc-8932-4226-b102-abbfcbaa0b77,scratches.lgbt,available,7.98,93.98,medium,low,9,namecheap,,,
026fdc70-0b5e-4342-8aea-5cf231c66dd4,acropolis.lgbt,available,14.99,79.99,high,low,9,namesilo,,,17/09/2026 03:57
4aed9937-dbb5-481c-9fd4-cd1aad7a14bd,shiloh.lgbt,available,14.99,79.99,medium,low,6,namesilo,,,22/09/2026 15:39
cf0b1665-7d79-4290-a19e-172963b1eb16,xxv.lgbt,available,14.99,79.99,medium,low,3,namesilo,,,21/09/2026 12:45
3e051134-c83e-424f-90b2-4a6a22a41267,mink.lgbt,available,62.2,62.2,high,low,4,cloudflare,,,01/10/2026 03:00
fe052a6c-9394-4ee4-9634-2fc659964457,debar.lgbt,available,14.99,79.99,medium,low,5,namesilo,,,22/09/2026 03:43
01df7c8b-89e7-4a1e-b6f0-8021b300d15f,hugging.lgbt,available,14.99,79.99,high,low,7,namesilo,,,24/09/2026 12:55
7d27b357-a172-4177-8988-8bb6f3668668,horseshoe.lgbt,available,62.2,62.2,high,low,9,cloudflare,,,29/09/2026 19:10
ba690c42-80df-4e9f-b21f-59423334424a,apse.lgbt,available,14.99,79.99,high,low,4,namesilo,,,19/09/2026 22:33
07b989f0-4b45-471f-9a72-f9fc3fc7bc5e,windy.lgbt,available,14.99,79.99,high,low,5,namesilo,,,22/09/2026 22:44
8b4a27c8-eeed-4d76-9f3d-a184c2f72526,cattleman.lgbt,available,14.99,79.99,high,low,9,namesilo,,,23/09/2026 00:40
0e71edcd-4ee9-4ec1-8c62-66c323dcba7c,herd.lgbt,available,14.99,79.99,high,low,4,namesilo,,,24/09/2026 19:45
8e955901-91bf-47f2-829a-73eef9ced446,quotidian.lgbt,available,11.98,93.98,medium,low,9,namecheap,,,17/08/2026 14:57
2953a24c-2b24-4ac1-b8da-bf44a314f663,orchestra.lgbt,available,10.92,66.56,high,low,9,dynadot,,,30/09/2026 06:11
e7934e5c-88d0-43bc-b629-d0facac43a9d,gillespie.lgbt,available,14.99,79.99,high,low,9,namesilo,,,25/09/2026 04:55
2e3f02c6-8bca-4191-be5c-1e469b35ed9c,honeymooning.lgbt,available,11.98,93.98,high,low,12,namecheap,,,21/09/2026 06:04
d3394562-f8ac-4a3c-a881-578602f5b15c,adience.lgbt,available,14.99,79.99,medium,low,7,namesilo,,,17/09/2026 08:09
fc559d34-3762-4ad8-8ff5-b6b2f084ccc0,phra.lgbt,available,14.99,79.99,medium,low,4,namesilo,,,01/10/2026 23:41
c9e3e15f-2170-4fb9-9b19-13c22d439136,mona.lgbt,available,14.99,79.99,high,low,4,namesilo,,,19/09/2026 06:28
b0c96f75-c056-47c9-b2ae-f6601ce5fa9c,buds.lgbt,available,14.99,79.99,medium,low,4,namesilo,,,20/09/2026 03:42
aa8d844d-646f-4a64-b5fe-9b2d97b65e08,optionally.lgbt,available,13.5,,medium,low,10,unstoppable,,,28/09/2026 16:29
2ec987ac-b106-4eda-8f2d-fd00c7fcfa2d,striker.lgbt,available,10.55,64.37,high,low,7,spaceship,,,29/09/2026 08:09
af1a59b5-b64c-41e4-a1a7-4e6272737afe,allemande.lgbt,available,11.98,93.98,medium,low,9,namecheap,,,18/09/2026 10:46
9f79ddd6-ca46-4685-bdb4-1c62058694d0,twofold.lgbt,available,11.98,93.98,medium,low,7,namecheap,,,14/08/2026 16:39
a3852164-b2b7-4cff-b869-9a62388f8ac0,streaked.lgbt,available,11.98,93.98,medium,low,8,namecheap,,,10/09/2026 22:16
45eb5d2c-bcd2-47f5-be47-1703f723ac26,salerno.lgbt,available,10.55,64.37,medium,low,7,spaceship,,,29/09/2026 08:00
b360d91b-41d5-4ae3-93b3-2497ada01925,feminists.lgbt,available,14.99,79.99,high,low,9,namesilo,,,02/10/2026 03:19
0b331a08-4965-4411-84fe-71a16da85aab,poultry.lgbt,available,11.98,93.98,high,low,7,namecheap,,,24/09/2026 23:24
c97d7716-a127-455a-b261-7b801382fa82,autotelic.lgbt,available,11.98,93.98,high,low,9,namecheap,,,07/08/2026 21:08
34094baf-3042-4cc7-a485-841934503bc6,gladiolus.lgbt,available,11.98,93.98,high,low,9,namecheap,,,19/08/2026 00:06
df48bdf2-31cb-4826-9e20-70a0619bf1b3,unread.lgbt,available,11.98,93.98,medium,low,6,namecheap,,,12/09/2026 17:51
b2aa992b-f765-4218-858f-a2ace3d27ae5,everywhere.lgbt,available,10.55,64.37,high,low,10,spaceship,,,28/09/2026 14:50
f636aa54-1899-44e3-bb32-f2c337b90f2e,hobby.lgbt,available,14.99,79.99,high,low,5,namesilo,,,21/09/2026 09:40
2c2281db-2a71-478c-8cb9-f13c00db6cca,bucks.lgbt,available,14.99,79.99,high,low,5,namesilo,,,25/09/2026 13:26
43c8ec40-7b6d-4d64-b6d6-876e057f7fe0,angiology.lgbt,available,14.99,79.99,medium,low,9,namesilo,,,19/09/2026 06:13
93e0fd8b-cc41-4a30-91b4-8cce50e9ab68,lawsuits.lgbt,available,10.92,66.56,medium,low,8,dynadot,,,29/09/2026 11:39
f431fb22-cb62-4597-822b-13ec5beab4de,richest.lgbt,available,11.98,93.98,medium,low,7,namecheap,,,28/09/2026 12:54
74535ce8-aee4-43b2-9a61-730f2dfe7ed5,ovate.lgbt,available,11.98,93.98,medium,low,5,namecheap,,,15/08/2026 18:03
bbb8b71b-10d2-4285-aaf1-09a110698027,planar.lgbt,available,11.98,93.98,high,low,6,namecheap,,,08/09/2026 20:37
b8c64d94-1b62-431d-8090-8759241a55ec,processor.lgbt,available,14.99,79.99,high,low,9,namesilo,,,29/09/2026 11:51
3d3c5fcc-7f1b-4d71-9275-21a5ce62f26c,girth.lgbt,available,13.5,,high,low,5,unstoppable,,,29/09/2026 09:10
45cf8283-e3dc-4a5c-a8ed-87b58d05f846,falling.lgbt,available,11.98,93.98,high,low,7,namecheap,,,14/08/2026 19:49
1a7b5d72-1281-4ef8-842e-5d83da03607f,knot.lgbt,available,10.55,64.37,high,low,4,spaceship,,,28/09/2026 19:37
d15ead59-d808-41bc-a20e-309ea14561f3,uncivil.lgbt,available,11.98,93.98,medium,low,7,namecheap,,,12/09/2026 05:12
5ed8a5ac-c5e5-4141-979d-2a66cf1d6674,default.lgbt,available,62.2,62.2,high,low,7,cloudflare,,,29/09/2026 13:30
f077417c-53cf-410c-9b30-a7adbbb3b3b0,washout.lgbt,available,11.98,93.98,medium,low,7,namecheap,,,14/08/2026 20:57
cf9e50f6-c68a-486a-b300-d9e8141d2a8e,ballota.lgbt,available,11.98,93.98,medium,low,7,namecheap,,,21/09/2026 23:16
502300fd-025b-40a6-a61a-eaab4d17c247,remaining.lgbt,available,11.98,93.98,high,low,9,namecheap,,,22/08/2026 22:43
7a04e19f-ff5b-4c0e-8975-7ce3f1f5414e,fitch.lgbt,available,14.99,79.99,medium,low,5,namesilo,,,29/09/2026 12:21
32f1a29c-1019-4b51-8082-e4ee77b93d5e,permutable.lgbt,available,11.98,93.98,medium,low,10,namecheap,,,08/09/2026 17:50
287fc518-a8d9-4a5d-a360-d3bfe678a1b3,shifted.lgbt,available,14.99,79.99,medium,low,7,namesilo,,,29/09/2026 17:17
d0592ced-8f48-487a-9cfb-eaed7d292558,conspiracy.lgbt,available,14.99,79.99,high,low,10,namesilo,,,29/09/2026 11:13
64b956f8-3bb0-47f8-9b43-ca11e1b69422,slip.lgbt,available,10.55,64.37,high,low,4,spaceship,,,27/09/2026 22:41
22b38ef1-166d-4129-871f-fbcb3b0d2c20,evangeline.lgbt,available,13.5,,high,low,10,unstoppable,,,30/09/2026 21:10
bc47ca68-ab65-42c9-976f-ee6f44c06e9d,prattle.lgbt,available,14.99,79.99,medium,low,7,namesilo,,,23/09/2026 23:32
c4dd1eff-e574-465c-af99-8691533d0f3d,intake.lgbt,available,14.99,79.99,high,low,6,namesilo,,,29/09/2026 06:09
62aa9e7d-f792-4cbc-a2f5-4d09b38983cf,chemist.lgbt,available,14.99,79.99,high,low,7,namesilo,,,19/09/2026 19:39
5a21816c-e133-4d56-befc-3bd9b8bddab3,exists.lgbt,available,14.99,79.99,medium,low,6,namesilo,,,27/09/2026 02:40
8ae48d3d-678e-4a62-93b9-ce0527fe2270,intellectuals.lgbt,available,10.55,64.37,medium,low,13,spaceship,,,01/10/2026 00:59
331cd034-470e-4e8c-87ca-631389ed8b9f,nevertheless.lgbt,available,14.99,79.99,medium,low,12,namesilo,,,28/09/2026 22:40
691c252b-9352-4b9c-b481-ce13fe3b390f,bute.lgbt,available,11.98,93.98,medium,low,4,namecheap,,,29/09/2026 22:36
e81ff724-a310-437e-962a-a2c46ccb459e,basle.lgbt,available,14.99,79.99,medium,low,5,namesilo,,,22/09/2026 10:14
b00602f6-f67f-4c87-88a6-dbdaf74c3e8c,noseless.lgbt,available,11.98,93.98,low,low,8,namecheap,,,03/09/2026 21:47
9256a9b3-2c60-461d-9a4a-6dd9b609d019,concretely.lgbt,available,11.98,93.98,medium,low,10,namecheap,,,14/09/2026 08:12
5fb6800f-d211-49dd-afee-811d2075c55e,tapestry.lgbt,available,14.99,79.99,high,low,8,namesilo,,,20/09/2026 08:48
8b9172d5-2ded-416a-8609-6a6ac83ba26e,determined.lgbt,available,11.98,93.98,high,low,10,namecheap,,,24/09/2026 07:38
152631c5-ef15-47a1-afd6-104f3c23fedc,depress.lgbt,available,10.92,66.56,high,low,7,dynadot,,,29/09/2026 15:56
aca44911-13bd-46b6-8b6c-cca2f6c7cdd3,triune.lgbt,available,11.98,93.98,medium,low,6,namecheap,,,11/09/2026 20:12
e0d5230b-8c7e-482e-a0cb-af2102cc5cff,seedcase.lgbt,available,11.98,93.98,medium,low,8,namecheap,,,12/08/2026 15:07
57f66275-815a-4347-970d-e2e994a5c8ae,paneled.lgbt,available,11.98,93.98,medium,low,7,namecheap,,,05/09/2026 00:50
4064b270-9335-430c-b4d6-27f0c63f39ea,besides.lgbt,available,14.99,79.99,medium,low,7,namesilo,,,28/09/2026 11:58
7271bafc-98f2-447d-804b-3c1a805bba8b,trucking.lgbt,available,14.99,79.99,high,low,8,namesilo,,,01/10/2026 02:27
9a8d9aee-c356-4837-9cfd-d32c454a11b4,oldish.lgbt,available,11.98,93.98,medium,low,6,namecheap,,,04/09/2026 02:04
a9b7d5f1-814a-470d-a872-287a5fa50cc0,sameness.lgbt,available,11.98,93.98,medium,low,8,namecheap,,,21/08/2026 15:12
abd55dd6-db07-4a11-a0b0-33210297013d,renewable.lgbt,available,11.98,93.98,high,low,9,namecheap,,,09/09/2026 14:03
46dda02a-0abe-4f7f-8b04-40bf8d18c866,romp.lgbt,available,11.98,93.98,high,low,4,namecheap,,,09/09/2026 19:26
87415172-b35d-4f86-aa5c-2141cdcbec02,tension.lgbt,available,62.2,62.2,high,low,7,cloudflare,,,27/09/2026 14:38
5166c6a6-2478-4331-9c79-687f0fc964f5,clements.lgbt,available,10.55,64.37,high,low,8,spaceship,,,30/09/2026 13:46
76bdd5b9-60a7-464f-8128-92da1245c6bb,beano.lgbt,available,11.98,93.98,high,low,5,namecheap,,,22/09/2026 20:40
aada6173-8ec7-4637-8eb7-5a76b921c406,coast.lgbt,available,14.99,79.99,high,low,5,namesilo,,,29/09/2026 10:10
a407fc96-7a5d-4b12-9a2d-57e7d1779f83,rhombic.lgbt,available,11.98,93.98,medium,low,7,namecheap,,,09/09/2026 16:43
93748a59-2813-4042-9ed9-d9edc5589b1b,relinquish.lgbt,available,10.55,64.37,high,low,10,spaceship,,,01/10/2026 21:29
7f2f0547-bc0a-435d-a5f1-cab108bed3cc,sheila.lgbt,available,10.92,66.56,high,low,6,dynadot,,,27/09/2026 17:05
aba9aa7b-d4c1-4c4c-921e-a163c1f97eba,cornered.lgbt,available,11.98,93.98,medium,low,8,namecheap,,,07/08/2026 11:02
ac892437-f701-4e8e-a83d-b70dafc89c50,painted.lgbt,available,14.99,79.99,high,low,7,namesilo,,,25/09/2026 23:19
825daeaa-6895-48ab-a99d-9053975a07be,transferred.lgbt,available,14.99,79.99,medium,low,11,namesilo,,,27/09/2026 22:38
6eee17cd-88c6-4c73-918c-c4bc5853ea05,forties.lgbt,available,14.99,79.99,medium,low,7,namesilo,,,16/09/2026 12:06
c84089c0-7efb-4026-831b-961e36ecd934,rapist.lgbt,available,14.99,79.99,high,low,6,namesilo,,,30/09/2026 10:57
02a86f9f-7e85-457f-9522-99f21f29b35c,esr.lgbt,available,10.55,64.37,high,low,3,spaceship,,,02/10/2026 04:42
a7bb3b3d-7be4-4236-b7c1-5524283ff513,rift.lgbt,available,62.2,62.2,high,low,4,cloudflare,,,30/09/2026 01:35
e4305709-d25c-4d51-9984-4ca0659dcc41,roslyn.lgbt,available,10.55,64.37,medium,low,6,spaceship,,,01/10/2026 09:25
40223e0e-3c6c-466c-affb-41e7adffc760,fins.lgbt,available,13.5,,medium,low,4,unstoppable,,,30/09/2026 06:35
f4b6f363-0e47-4168-8aeb-9dc44d874a40,listening.lgbt,available,14.99,79.99,high,low,9,namesilo,,,25/09/2026 09:00
ab959045-3fe0-4986-9bef-721e7aaa057f,fluoride.lgbt,available,10.55,64.37,high,low,8,spaceship,,,02/10/2026 04:54
6e41d8a5-bb9c-4ad3-be01-3750dc3d1de2,unexampled.lgbt,available,11.98,93.98,medium,low,10,namecheap,,,12/09/2026 09:24
9376976b-7077-4eca-8cd3-9dd13f259d1f,ytterbium.lgbt,available,19.99,105.99,medium,low,9,name.com,,,20/09/2026 23:38
04b23d4b-2bbc-4e45-8ecd-034748360838,woe.lgbt,available,13.5,,high,low,3,unstoppable,,,30/09/2026 19:07
573ef3f0-09ec-4c4a-a01b-94dfcc174113,playfully.lgbt,available,11.98,93.98,high,low,9,namecheap,,,15/09/2026 20:25
160e8f52-a51c-4ce9-a8d7-6fb1bb31a817,hassle.lgbt,available,10.55,64.37,high,low,6,spaceship,,,27/09/2026 16:35
c68cd8d0-f784-43f5-95cb-10fef51e9fb0,backstroke.lgbt,available,14.99,79.99,high,low,10,namesilo,,,21/09/2026 16:09
5af0d6c0-0bfd-46ad-bd42-1458d6ad7672,vows.lgbt,available,62.2,62.2,medium,low,4,cloudflare,,,28/09/2026 04:45
ade4addf-4587-4d2f-a4fd-40a6c385b8ba,executives.lgbt,available,11.98,93.98,high,low,10,namecheap,,,21/09/2026 01:35
a7f5b227-f963-4a24-b3e7-e9181823a83c,armour.lgbt,available,11.98,93.98,medium,low,6,namecheap,,,20/09/2026 07:22
6f2df248-4c29-4ad2-9e6e-1ece66b3af64,primal.lgbt,available,11.98,93.98,high,low,6,namecheap,,,11/08/2026 18:56
13d7a7cb-d56e-4ca1-817a-502ab17c252f,jib.lgbt,available,14.99,79.99,high,low,3,namesilo,,,21/09/2026 22:10
a58eb40c-d595-4a37-927e-c29fe27620ff,theban.lgbt,available,11.98,93.98,medium,low,6,namecheap,,,11/09/2026 12:35
10e79cd7-c1f0-4d67-a40e-3bdd657dca7f,intermediate.lgbt,available,11.98,93.98,high,low,12,namecheap,,,30/09/2026 11:48
70ad29e2-a66b-4665-b696-37bcdfdef383,dealing.lgbt,available,11.98,93.98,high,low,7,namecheap,,,25/09/2026 04:50
28113ca6-04a3-4a25-a4cf-df0033a4b557,username.lgbt,available,13.5,,high,low,8,unstoppable,,,01/10/2026 05:01
ffaf257b-c52e-4a53-815f-95bbd8702221,workload.lgbt,available,10.55,64.37,high,low,8,spaceship,,,30/09/2026 03:09
cea72e38-0a1d-482e-b43a-14ee58d521f0,earthman.lgbt,available,11.98,93.98,medium,low,8,namecheap,,,11/09/2026 10:45
70fd6f39-cf53-4c83-a6e3-7c1e5712f6fc,powhatan.lgbt,available,14.99,79.99,high,low,8,namesilo,,,01/10/2026 03:20
07a29466-6c82-4c27-80c6-3175e65868ed,snack.lgbt,available,14.99,79.99,high,low,5,namesilo,,,01/10/2026 16:27
d52c1498-f745-4a2f-8655-1324b3d39743,seagirt.lgbt,available,11.98,93.98,medium,low,7,namecheap,,,10/09/2026 00:39
2f8a372d-0a9c-49c5-8e75-4bca1d728fef,shoreward.lgbt,available,11.98,93.98,medium,low,9,namecheap,,,22/08/2026 07:00
0c55271b-3507-46e7-9e62-b75792ea1281,sakharov.lgbt,available,14.99,79.99,high,low,8,namesilo,,,19/09/2026 04:30
80af2c66-d64d-412c-ba59-47b2ff864f9b,semifinal.lgbt,available,14.99,79.99,high,low,10,namesilo,,,16/09/2026 09:45
cf524562-0457-4d82-b8b9-2c0249da06e6,sams.lgbt,available,62.2,62.2,high,low,4,cloudflare,,,01/10/2026 10:29
e5a814a1-da02-4a84-a39f-11f6c9a4462c,bns.lgbt,available,14.99,79.99,high,low,3,namesilo,,,21/09/2026 14:15
33a98b9d-2638-4240-8673-fc7beba63068,glendale.lgbt,available,62.2,62.2,high,low,8,cloudflare,,,01/10/2026 10:33
34995721-75c7-4a61-b822-3b6888eb66e1,hypaethral.lgbt,available,11.98,93.98,medium,low,10,namecheap,,,21/08/2026 16:39
37a0daa3-b407-454c-a154-13bd004f7ddc,gwynedd.lgbt,available,14.99,79.99,medium,low,7,namesilo,,,02/10/2026 00:00
30039215-e099-4492-998e-127bda44a340,bathe.lgbt,available,13.5,,high,low,5,unstoppable,,,29/09/2026 01:32
7699681e-1d8b-4577-8566-8642205c7cf8,towel.lgbt,available,10.81,64.37,high,low,5,porkbun,,,28/09/2026 03:13
4ea680ca-397a-444d-9605-4f264759feed,clock.lgbt,available,13.5,,high,low,5,unstoppable,,,29/09/2026 10:09
871b77d4-37ba-4d2a-bfa3-c8ec7f2e9eda,biochip.lgbt,available,11.98,93.98,high,low,7,namecheap,,,23/09/2026 17:46
8e713159-ba3c-413c-924c-224e90fdf893,courteous.lgbt,available,14.99,79.99,high,low,9,namesilo,,,24/09/2026 00:40
b07d39f7-5970-4d98-b963-91f5ba6df8a6,kay.lgbt,available,14.99,79.99,high,low,3,namesilo,,,26/09/2026 00:52
f27af9ee-8b5b-4b35-9c9e-d2b43eecb85f,entranced.lgbt,available,11.98,93.98,medium,low,9,namecheap,,,09/08/2026 10:11
e54c9151-9ad8-4a74-892f-e1a5058c3cbe,trinidad.lgbt,available,10.81,64.37,medium,low,8,porkbun,,,01/10/2026 22:00
4ba8bb7f-af98-45bd-a6fb-d3cb5aa8eb95,bilingual.lgbt,available,11.98,93.98,high,low,9,namecheap,,,09/08/2026 21:21
4a550ed3-61ea-4935-af3d-b2ea91533525,rides.lgbt,available,14.99,79.99,medium,low,5,namesilo,,,17/09/2026 06:42
6c62b3f1-ac0c-4116-b0b4-d018fb1a616d,cleanliness.lgbt,available,10.81,64.37,high,low,11,porkbun,,,02/10/2026 02:07
0c6681ca-e2ed-400d-b360-a44c90bb734f,stub.lgbt,available,11.98,93.98,high,low,4,namecheap,,,24/09/2026 13:57
aaaed8bb-d903-4adc-917a-fd487b82e07f,snowball.lgbt,available,11.98,93.98,high,low,8,namecheap,,,16/09/2026 17:20
79f2a164-daf2-4ded-bd64-28bc9d9154c3,asklepios.lgbt,available,14.99,79.99,medium,low,9,namesilo,,,17/09/2026 13:21
45552a55-b165-4654-a049-2fc9ebd75858,omphalos.lgbt,available,14.99,79.99,medium,low,8,namesilo,,,23/09/2026 06:37
f78737c0-d6cf-4977-8c9c-2bd6e2a0d01b,meetings.lgbt,available,14.99,79.99,medium,low,8,namesilo,,,27/09/2026 10:46
d4a55bbd-4329-4153-9190-cb0aafef098a,construction.lgbt,available,19.99,,high,low,12,name.com,,,
f49c5904-f34a-48f4-8366-f61e4498ec53,abstruse.lgbt,available,11.98,93.98,medium,low,8,namecheap,,,
715ce281-b573-4ff7-a67b-931ccb7dc39e,bulbous.lgbt,available,11.98,93.98,medium,low,7,namecheap,,,09/08/2026 13:39
a9b9d62c-140b-4ce3-8e12-e9ac692209ff,matrix.lgbt,available,10.55,64.37,high,medium,6,spaceship,,,29/09/2026 21:35
242cb524-2b8c-4ffa-bdae-4a4e37959a45,walk.lgbt,available,14.99,79.99,high,low,4,namesilo,,,27/09/2026 02:47
64687f49-1028-4ece-a73d-eaf2f100beeb,competitive.lgbt,available,13.5,,high,low,11,unstoppable,,,28/09/2026 07:17
8546fa99-6a9b-4bc2-9700-6f10cfbd110d,accessed.lgbt,available,13.5,,medium,low,8,unstoppable,,,29/09/2026 16:22
34f032d5-ad4c-4b12-821d-af9395733c24,moosewood.lgbt,available,14.99,79.99,medium,low,9,namesilo,,,16/09/2026 23:36
65d7b520-d790-4f62-83d2-63ee597410ef,ike.lgbt,available,10.92,66.56,high,low,3,dynadot,,,29/09/2026 17:21
7f2bdb3f-26ce-4c3f-86ac-2981fcb0de95,precedence.lgbt,available,14.99,79.99,high,low,10,namesilo,,,19/09/2026 12:40
c3caebdf-2fea-41cd-bc2e-9798c1af2870,smatter.lgbt,available,14.99,79.99,medium,low,7,namesilo,,,24/09/2026 04:48
ce614de0-3fb4-4398-9a2b-08bdf59ccb9a,territory.lgbt,available,11.98,93.98,high,low,9,namecheap,,,29/09/2026 16:20
46bd6d34-6021-4382-bc2d-8b35fffa25d9,because.lgbt,available,13.5,,high,low,7,unstoppable,,,30/09/2026 21:38
91758d00-f105-493e-b65f-94a75ffa00e2,herkimer.lgbt,available,14.99,79.99,medium,low,8,namesilo,,,01/10/2026 10:24
6f9e6904-2682-45f7-9e83-aa6c3416d4be,nci.lgbt,available,13.5,,high,low,3,unstoppable,,,30/09/2026 20:56
40381600-c200-4045-8896-1ec706afa401,hens.lgbt,available,62.2,62.2,medium,low,4,cloudflare,,,01/10/2026 18:16
ee3950e8-150d-40ed-ac20-41dd6bbd27ba,banging.lgbt,available,11.98,93.98,high,low,7,namecheap,,,08/08/2026 13:03
5bdb7884-83e1-40d3-870d-07d7696c88da,thresher.lgbt,available,14.99,79.99,medium,low,8,namesilo,,,18/09/2026 13:23
226b3a9a-3245-49ee-b4ef-c4a2341573c8,bari.lgbt,available,11.98,93.98,high,low,4,namecheap,,,22/09/2026 05:51
fd1ef036-73de-4d34-a2a4-683cd5962a1c,peter.lgbt,available,14.99,79.99,high,medium,5,namesilo,,,24/09/2026 16:12
87f1bd7b-011b-49cf-a0d0-ea44fe73fa90,flipped.lgbt,available,11.98,93.98,medium,low,7,namecheap,,,18/09/2026 12:06
44d96313-6d51-466c-bd69-51c9628ac331,mete.lgbt,available,11.98,93.98,high,low,4,namecheap,,,10/08/2026 19:54
2993fdea-4a9b-4e15-8f2b-b86516411f9e,eca.lgbt,premium,517.7,517.7,high,low,3,spaceship,,,01/10/2026 23:40
8cb7471b-e828-4fbe-8af8-54d1a169084c,famine.lgbt,available,10.92,66.56,medium,low,6,dynadot,,,29/09/2026 12:01
0f8cb2ed-9710-4b4e-84fb-478cdb742ba7,haight.lgbt,available,10.55,64.37,medium,low,6,spaceship,,,02/10/2026 04:03
bf503a35-b439-4843-b53c-4a784b2c9fc4,assembling.lgbt,available,11.98,93.98,high,low,10,namecheap,,,20/09/2026 16:08
752d72ab-fc02-4a48-8620-b50db820d758,overtime.lgbt,available,14.99,79.99,high,low,8,namesilo,,,28/09/2026 16:30
dcca3961-0a85-469d-ad1e-fecb9f7b1504,instructed.lgbt,available,14.99,79.99,medium,low,10,namesilo,,,28/09/2026 04:56
13d853bd-69b8-4455-92bf-667dcbb338ac,obsequious.lgbt,available,11.98,93.98,medium,low,10,namecheap,,,10/08/2026 19:44
993144fd-f229-4d7e-aafc-b8527584e5fe,spacious.lgbt,available,14.99,79.99,high,low,8,namesilo,,,27/09/2026 16:20
07c9ec87-af89-42cc-aa91-72f051767380,scramble.lgbt,available,14.99,79.99,high,low,8,namesilo,,,24/09/2026 15:13
4c40a4e7-aa3c-4f7c-8a8c-376ce1b40f15,martyr.lgbt,available,14.99,79.99,high,low,6,namesilo,,,29/09/2026 13:23
e00e82c2-e1ac-4348-8573-64d3b439016f,partridge.lgbt,available,10.55,64.37,medium,low,9,spaceship,,,29/09/2026 06:07
db11f8b9-7410-4b46-a849-f5f86ac1f6d1,dehydrate.lgbt,available,11.98,93.98,medium,low,9,namecheap,,,14/08/2026 03:38
ee6daadb-7902-45d8-a38e-3bcb5f9bc536,mated.lgbt,available,11.98,93.98,medium,low,5,namecheap,,,24/08/2026 17:10
bdb80da8-ee11-4acd-a4c4-e8027954dd2f,bonnie.lgbt,available,11.98,93.98,high,low,6,namecheap,,,10/08/2026 18:47
763fe303-384e-408d-9b10-7ea788a7b28a,farewell.lgbt,available,19.99,119.99,high,low,8,godaddy,,,28/09/2026 01:53
65884314-9570-432a-a418-20b4938e79c8,impeccably.lgbt,available,11.98,93.98,medium,low,10,namecheap,,,15/09/2026 02:11
ac720ace-fd50-42eb-9d43-a07698fc65b7,fences.lgbt,available,10.92,66.56,medium,low,6,dynadot,,,29/09/2026 11:21
99a5cfd9-bc2f-44e7-a792-6278afba7eba,appearance.lgbt,available,11.98,93.98,high,low,10,namecheap,,,08/09/2026 12:55
75aa9f9c-6de7-47d7-ac2b-895c7d20f73a,fugacious.lgbt,available,11.98,93.98,medium,low,9,namecheap,,,17/08/2026 10:20
74004af8-d3fb-4d39-829d-f485a0c9daea,leucine.lgbt,available,10.55,64.37,high,low,7,spaceship,,,01/10/2026 20:19
23e63f0c-f176-43ed-b852-22667e1bbef8,gainfully.lgbt,available,11.98,93.98,medium,low,9,namecheap,,,14/09/2026 20:58
6a8bbf75-57b5-491b-8792-e333f3ff059d,screwdriver.lgbt,available,14.99,79.99,high,low,11,namesilo,,,01/10/2026 04:34
de455f09-c546-4513-8495-ed70d1fe0df9,petals.lgbt,available,10.55,64.37,medium,low,6,spaceship,,,29/09/2026 17:41
ed5e9f4a-de91-49f7-92f7-a46fb2414f40,receptors.lgbt,available,62.2,62.2,medium,low,9,cloudflare,,,01/10/2026 18:02
02a88c07-8cf3-4d6b-92bd-4142a997154d,posts.lgbt,available,14.99,79.99,medium,low,5,namesilo,,,19/09/2026 00:49
0a459793-1d68-4166-8bc6-202fd917fbaa,acidity.lgbt,available,14.99,79.99,medium,low,7,namesilo,,,17/09/2026 01:24
9fe9a2e8-6c07-4750-bfde-383dc53ae2bb,kicking.lgbt,available,19.99,119.99,high,low,7,godaddy,,,30/09/2026 01:20
16bdb583-2ff4-4d57-b0bb-fbd90a2a2550,proven.lgbt,available,14.99,79.99,high,low,6,namesilo,,,27/09/2026 08:25
1fdb7cfe-2a76-4450-a3ad-4ff953f93089,auric.lgbt,available,11.98,93.98,medium,low,5,namecheap,,,07/08/2026 17:36
ddd4bb9f-9e17-47f7-82f4-d76104c6cda6,earthlike.lgbt,available,11.98,93.98,medium,low,9,namecheap,,,14/08/2026 22:40
46a2bc5a-b5ed-4083-8197-2e701b6a9567,circling.lgbt,available,14.99,79.99,high,low,8,namesilo,,,30/09/2026 07:20
4b3bd33c-bd86-4093-b84c-9ceb60bdb2a1,guangdong.lgbt,available,13.5,,medium,low,9,unstoppable,,,28/09/2026 09:58
77910f4d-0cd3-4a5b-a848-a2275ce6e091,unprompted.lgbt,available,11.98,93.98,medium,low,10,namecheap,,,21/08/2026 23:28
8b4dd3c2-238b-47a6-a237-60ea0f5b7510,antitrade.lgbt,available,14.99,79.99,medium,low,9,namesilo,,,19/09/2026 15:13
67415069-d7b6-44a5-a5fe-fc411f9df80e,splash.lgbt,available,14.99,79.99,high,medium,6,namesilo,,,28/09/2026 10:43
edf4657e-a90f-4422-92c8-acb4c917e387,abnegation.lgbt,available,11.98,93.98,medium,low,10,namecheap,,,16/09/2026 16:16
cb5760b7-8962-4485-9008-9c83332c001b,agreeably.lgbt,available,11.98,93.98,medium,low,9,namecheap,,,13/09/2026 18:22
20c8f147-64e8-45eb-8523-310b37859964,profane.lgbt,available,11.98,93.98,high,low,7,namecheap,,,10/08/2026 13:22
8f9e009b-1f84-4032-ac37-76b820a6fd79,immense.lgbt,available,11.98,93.98,high,low,7,namecheap,,,25/09/2026 06:12
5a41acdb-4df6-43c5-a83f-e4f2a8fbd7b3,featherbed.lgbt,available,14.99,79.99,high,low,10,namesilo,,,21/09/2026 12:59
5a6b554d-c287-4a3e-93ea-a1a607d5ca09,moderate.lgbt,available,11.98,93.98,high,low,8,namecheap,,,12/08/2026 00:16
a1f19e24-7bbe-415a-9235-a2347086064e,banister.lgbt,available,14.99,79.99,high,low,8,namesilo,,,22/09/2026 00:28
f5c268c0-7053-45c0-9516-7e7a1e4b3197,alternatively.lgbt,available,14.99,79.99,medium,low,13,namesilo,,,16/09/2026 12:44
da5cb7a6-b7c2-4bef-9015-44ff76bb3fe7,lancelot.lgbt,available,10.55,64.37,high,low,8,spaceship,,,30/09/2026 17:50
1d595abc-d831-4e88-a92b-b377f87f6c91,formidable.lgbt,available,11.98,93.98,high,low,10,namecheap,,,18/08/2026 12:12
fdc644bc-c2fd-497f-94f6-7a91282af5ac,marvell.lgbt,available,14.99,79.99,high,low,7,namesilo,,,19/09/2026 04:47
14c8db38-f4bb-4278-9660-3b061e7ade4a,pungent.lgbt,available,11.98,93.98,medium,low,7,namecheap,,,
2e99e589-577a-4393-bfe1-f9eb6e302b64,gabby.lgbt,available,11.98,93.98,high,low,5,namecheap,,,12/08/2026 03:18
7a54412a-55a5-4807-945c-aeb32c69da14,antagonism.lgbt,available,14.99,79.99,medium,low,10,namesilo,,,19/09/2026 12:27
e7a73878-3a30-47fe-8ea4-7f54ada8aea7,stocking.lgbt,available,14.99,79.99,high,low,8,namesilo,,,29/09/2026 14:00
8cd7f84e-f17d-48cd-9b0b-71f166d9713a,shriek.lgbt,available,11.98,93.98,medium,low,6,namecheap,,,09/09/2026 23:53
b999b14d-827a-4dcb-94ad-59a30e54c53b,mast.lgbt,available,14.99,79.99,high,low,4,namesilo,,,29/09/2026 19:37
0f734e39-6669-440b-b10f-ba414d98ba26,corrugated.lgbt,available,11.98,93.98,medium,low,10,namecheap,,,13/08/2026 02:13
e8df74d0-7c66-48c4-b493-fffea477aa65,secrets.lgbt,premium,85.99,82.5,medium,low,7,name.com,,,25/09/2026 19:59
aa621d28-1a89-4728-ac15-0a07a83bfaaf,greyed.lgbt,available,11.98,93.98,medium,low,6,namecheap,,,20/08/2026 20:04
cc8d3375-d830-4070-8772-1c22e7ba2fe7,jacobus.lgbt,available,13.5,,high,low,7,unstoppable,,,30/09/2026 03:48
5bdef93e-5d8b-420a-8d59-d57a4e22724c,reportedly.lgbt,available,11.98,93.98,medium,low,10,namecheap,,,15/09/2026 23:15
39f3c31d-c373-457d-a2f9-9eb8af7b031d,saddle.lgbt,available,13.5,,high,low,6,unstoppable,,,29/09/2026 02:22